CountryName,CountryCode,RegionName,RegionCode,Jurisdiction,Date,C1_School closing,C1_Flag,C2_Workplace closing,C2_Flag,C3_Cancel public events,C3_Flag,C4_Restrictions on gatherings,C4_Flag,C5_Close public transport,C5_Flag,C6_Stay at home requirements,C6_Flag,C7_Restrictions on internal movement,C7_Flag,C8_International travel controls,E1_Income support,E1_Flag,E2_Debt/contract relief,E3_Fiscal measures,E4_International support,H1_Public information campaigns,H1_Flag,H2_Testing policy,H3_Contact tracing,H4_Emergency investment in healthcare,H5_Investment in vaccines,H6_Facial Coverings,H6_Flag,H7_Vaccination policy,H7_Flag,H8_Protection of elderly people,H8_Flag,M1_Wildcard,V1_Vaccine Prioritisation (summary),V2A_Vaccine Availability (summary),V2B_Vaccine age eligibility/availability age floor (general population summary),V2C_Vaccine age eligibility/availability age floor (at risk summary),V2D_Medically/ clinically vulnerable (Non-elderly),V2E_Education,V2F_Frontline workers  (non healthcare),V2G_Frontline workers  (healthcare),V3_Vaccine Financial Support (summary),V4_Mandatory Vaccination (summary),ConfirmedCases,ConfirmedDeaths,StringencyIndex,StringencyIndexForDisplay,StringencyLegacyIndex,StringencyLegacyIndexForDisplay,GovernmentResponseIndex,GovernmentResponseIndexForDisplay,ContainmentHealthIndex,ContainmentHealthIndexForDisplay,EconomicSupportIndex,EconomicSupportIndexForDisplay
Comoros,COM,,,NAT_TOTAL,20200101,,,,,,,,,,,,,,,,,,,,,,,,,,,0.00,,0.00,,,,,,,,,,,,,,,,,,,,,,,,,,
Comoros,COM,,,NAT_TOTAL,20200102,,,,,,,,,,,,,,,,,,,,,,,,,,,0.00,,0.00,,,,,,,,,,,,,,,,,,,,,,,,,,
Comoros,COM,,,NAT_TOTAL,20200103,,,,,,,,,,,,,,,,,,,,,,,,,,,0.00,,0.00,,,,,,,,,,,,,,,,,,,,,,,,,,
Comoros,COM,,,NAT_TOTAL,20200104,,,,,,,,,,,,,,,,,,,,,,,,,,,0.00,,0.00,,,,,,,,,,,,,,,,,,,,,,,,,,
Comoros,COM,,,NAT_TOTAL,20200105,,,,,,,,,,,,,,,,,,,,,,,,,,,0.00,,0.00,,,,,,,,,,,,,,,,,,,,,,,,,,
Comoros,COM,,,NAT_TOTAL,20200106,,,,,,,,,,,,,,,,,,,,,,,,,,,0.00,,0.00,,,,,,,,,,,,,,,,,,,,,,,,,,
Comoros,COM,,,NAT_TOTAL,20200107,,,,,,,,,,,,,,,,,,,,,,,,,,,0.00,,0.00,,,,,,,,,,,,,,,,,,,,,,,,,,
Comoros,COM,,,NAT_TOTAL,20200108,,,,,,,,,,,,,,,,,,,,,,,,,,,0.00,,0.00,,,,,,,,,,,,,,,,,,,,,,,,,,
Comoros,COM,,,NAT_TOTAL,20200109,,,,,,,,,,,,,,,,,,,,,,,,,,,0.00,,0.00,,,,,,,,,,,,,,,,,,,,,,,,,,
Comoros,COM,,,NAT_TOTAL,20200110,,,,,,,,,,,,,,,,,,,,,,,,,,,0.00,,0.00,,,,,,,,,,,,,,,,,,,,,,,,,,
Comoros,COM,,,NAT_TOTAL,20200111,,,,,,,,,,,,,,,,,,,,,,,,,,,0.00,,0.00,,,,,,,,,,,,,,,,,,,,,,,,,,
Comoros,COM,,,NAT_TOTAL,20200112,,,,,,,,,,,,,,,,,,,,,,,,,,,0.00,,0.00,,,,,,,,,,,,,,,,,,,,,,,,,,
Comoros,COM,,,NAT_TOTAL,20200113,,,,,,,,,,,,,,,,,,,,,,,,,,,0.00,,0.00,,,,,,,,,,,,,,,,,,,,,,,,,,
Comoros,COM,,,NAT_TOTAL,20200114,,,,,,,,,,,,,,,,,,,,,,,,,,,0.00,,0.00,,,,,,,,,,,,,,,,,,,,,,,,,,
Comoros,COM,,,NAT_TOTAL,20200115,,,,,,,,,,,,,,,,,,,,,,,,,,,0.00,,0.00,,,,,,,,,,,,,,,,,,,,,,,,,,
Comoros,COM,,,NAT_TOTAL,20200116,,,,,,,,,,,,,,,,,,,,,,,,,,,0.00,,0.00,,,,,,,,,,,,,,,,,,,,,,,,,,
Comoros,COM,,,NAT_TOTAL,20200117,,,,,,,,,,,,,,,,,,,,,,,,,,,0.00,,0.00,,,,,,,,,,,,,,,,,,,,,,,,,,
Comoros,COM,,,NAT_TOTAL,20200118,,,,,,,,,,,,,,,,,,,,,,,,,,,0.00,,0.00,,,,,,,,,,,,,,,,,,,,,,,,,,
Comoros,COM,,,NAT_TOTAL,20200119,,,,,,,,,,,,,,,,,,,,,,,,,,,0.00,,0.00,,,,,,,,,,,,,,,,,,,,,,,,,,
Comoros,COM,,,NAT_TOTAL,20200120,,,,,,,,,,,,,,,,,,,,,,,,,,,0.00,,0.00,,,,,,,,,,,,,,,,,,,,,,,,,,
Comoros,COM,,,NAT_TOTAL,20200121,,,,,,,,,,,,,,,,,,,,,,,,,,,0.00,,0.00,,,,,,,,,,,,,,,,,,,,,,,,,,
Comoros,COM,,,NAT_TOTAL,20200122,,,,,,,,,,,,,,,,,,,,,,,,,,,0.00,,0.00,,,,,,,,,,,,,,,0,0,,,,,,,,,,
Comoros,COM,,,NAT_TOTAL,20200123,,,,,,,,,,,,,,,,,,,,,,,,,,,0.00,,0.00,,,,,,,,,,,,,,,0,0,,,,,,,,,,
Comoros,COM,,,NAT_TOTAL,20200124,,,,,,,,,,,,,,,,,,,,,,,,,,,0.00,,0.00,,,,,,,,,,,,,,,0,0,,,,,,,,,,
Comoros,COM,,,NAT_TOTAL,20200125,,,,,,,,,,,,,,,,,,,,,,,,,,,0.00,,0.00,,,,,,,,,,,,,,,0,0,,,,,,,,,,
Comoros,COM,,,NAT_TOTAL,20200126,,,,,,,,,,,,,,,,,,,,,,,,,,,0.00,,0.00,,,,,,,,,,,,,,,0,0,,,,,,,,,,
Comoros,COM,,,NAT_TOTAL,20200127,,,,,,,,,,,,,,,,,,,,,,,,,,,0.00,,0.00,,,,,,,,,,,,,,,0,0,,,,,,,,,,
Comoros,COM,,,NAT_TOTAL,20200128,,,,,,,,,,,,,,,,,,,,,,,,,,,0.00,,0.00,,,,,,,,,,,,,,,0,0,,,,,,,,,,
Comoros,COM,,,NAT_TOTAL,20200129,,,,,,,,,,,,,,,,,,,,,,,,,,,0.00,,0.00,,,,,,,,,,,,,,,0,0,,,,,,,,,,
Comoros,COM,,,NAT_TOTAL,20200130,,,,,,,,,,,,,,,,,,,,,,,,,,,0.00,,0.00,,,,,,,,,,,,,,,0,0,,,,,,,,,,
Comoros,COM,,,NAT_TOTAL,20200131,,,,,,,,,,,,,,,,,,,,,,,,,,,0.00,,0.00,,,,,,,,,,,,,,,0,0,,,,,,,,,,
Comoros,COM,,,NAT_TOTAL,20200201,,,,,,,,,,,,,,,,,,,,,,,,,,,0.00,,0.00,,,,,,,,,,,,,,,0,0,,,,,,,,,,
Comoros,COM,,,NAT_TOTAL,20200202,,,,,,,,,,,,,,,,,,,,,,,,,,,0.00,,0.00,,,,,,,,,,,,,,,0,0,,,,,,,,,,
Comoros,COM,,,NAT_TOTAL,20200203,,,,,,,,,,,,,,,,,,,,,,,,,,,0.00,,0.00,,,,,,,,,,,,,,,0,0,,,,,,,,,,
Comoros,COM,,,NAT_TOTAL,20200204,,,,,,,,,,,,,,,,,,,,,,,,,,,0.00,,0.00,,,,,,,,,,,,,,,0,0,,,,,,,,,,
Comoros,COM,,,NAT_TOTAL,20200205,,,,,,,,,,,,,,,,,,,,,,,,,,,0.00,,0.00,,,,,,,,,,,,,,,0,0,,,,,,,,,,
Comoros,COM,,,NAT_TOTAL,20200206,,,,,,,,,,,,,,,,,,,,,,,,,,,0.00,,0.00,,,,,,,,,,,,,,,0,0,,,,,,,,,,
Comoros,COM,,,NAT_TOTAL,20200207,,,,,,,,,,,,,,,,,,,,,,,,,,,0.00,,0.00,,,,,,,,,,,,,,,0,0,,,,,,,,,,
Comoros,COM,,,NAT_TOTAL,20200208,,,,,,,,,,,,,,,,,,,,,,,,,,,0.00,,0.00,,,,,,,,,,,,,,,0,0,,,,,,,,,,
Comoros,COM,,,NAT_TOTAL,20200209,,,,,,,,,,,,,,,,,,,,,,,,,,,0.00,,0.00,,,,,,,,,,,,,,,0,0,,,,,,,,,,
Comoros,COM,,,NAT_TOTAL,20200210,,,,,,,,,,,,,,,,,,,,,,,,,,,0.00,,0.00,,,,,,,,,,,,,,,0,0,,,,,,,,,,
Comoros,COM,,,NAT_TOTAL,20200211,,,,,,,,,,,,,,,,,,,,,,,,,,,0.00,,0.00,,,,,,,,,,,,,,,0,0,,,,,,,,,,
Comoros,COM,,,NAT_TOTAL,20200212,,,,,,,,,,,,,,,,,,,,,,,,,,,0.00,,0.00,,,,,,,,,,,,,,,0,0,,,,,,,,,,
Comoros,COM,,,NAT_TOTAL,20200213,,,,,,,,,,,,,,,,,,,,,,,,,,,0.00,,0.00,,,,,,,,,,,,,,,0,0,,,,,,,,,,
Comoros,COM,,,NAT_TOTAL,20200214,,,,,,,,,,,,,,,,,,,,,,,,,,,0.00,,0.00,,,,,,,,,,,,,,,0,0,,,,,,,,,,
Comoros,COM,,,NAT_TOTAL,20200215,,,,,,,,,,,,,,,,,,,,,,,,,,,0.00,,0.00,,,,,,,,,,,,,,,0,0,,,,,,,,,,
Comoros,COM,,,NAT_TOTAL,20200216,,,,,,,,,,,,,,,,,,,,,,,,,,,0.00,,0.00,,,,,,,,,,,,,,,0,0,,,,,,,,,,
Comoros,COM,,,NAT_TOTAL,20200217,,,,,,,,,,,,,,,,,,,,,,,,,,,0.00,,0.00,,,,,,,,,,,,,,,0,0,,,,,,,,,,
Comoros,COM,,,NAT_TOTAL,20200218,,,,,,,,,,,,,,,,,,,,,,,,,,,0.00,,0.00,,,,,,,,,,,,,,,0,0,,,,,,,,,,
Comoros,COM,,,NAT_TOTAL,20200219,,,,,,,,,,,,,,,,,,,,,,,,,,,0.00,,0.00,,,,,,,,,,,,,,,0,0,,,,,,,,,,
Comoros,COM,,,NAT_TOTAL,20200220,,,,,,,,,,,,,,,,,,,,,,,,,,,0.00,,0.00,,,,,,,,,,,,,,,0,0,,,,,,,,,,
Comoros,COM,,,NAT_TOTAL,20200221,,,,,,,,,,,,,,,,,,,,,,,,,,,0.00,,0.00,,,,,,,,,,,,,,,0,0,,,,,,,,,,
Comoros,COM,,,NAT_TOTAL,20200222,,,,,,,,,,,,,,,,,,,,,,,,,,,0.00,,0.00,,,,,,,,,,,,,,,0,0,,,,,,,,,,
Comoros,COM,,,NAT_TOTAL,20200223,,,,,,,,,,,,,,,,,,,,,,,,,,,0.00,,0.00,,,,,,,,,,,,,,,0,0,,,,,,,,,,
Comoros,COM,,,NAT_TOTAL,20200224,,,,,,,,,,,,,,,,,,,,,,,,,,,0.00,,0.00,,,,,,,,,,,,,,,0,0,,,,,,,,,,
Comoros,COM,,,NAT_TOTAL,20200225,,,,,,,,,,,,,,,,,,,,,,,,,,,0.00,,0.00,,,,,,,,,,,,,,,0,0,,,,,,,,,,
Comoros,COM,,,NAT_TOTAL,20200226,,,,,,,,,,,,,,,,,,,,,,,,,,,0.00,,0.00,,,,,,,,,,,,,,,0,0,,,,,,,,,,
Comoros,COM,,,NAT_TOTAL,20200227,,,,,,,,,,,,,,,,,,,,,,,,,,,0.00,,0.00,,,,,,,,,,,,,,,0,0,,,,,,,,,,
Comoros,COM,,,NAT_TOTAL,20200228,,,,,,,,,,,,,,,,,,,,,,,,,,,0.00,,0.00,,,,,,,,,,,,,,,0,0,,,,,,,,,,
Comoros,COM,,,NAT_TOTAL,20200229,,,,,,,,,,,,,,,,,,,,,,,,,,,0.00,,0.00,,,,,,,,,,,,,,,0,0,,,,,,,,,,
Comoros,COM,,,NAT_TOTAL,20200301,,,,,,,,,,,,,,,,,,,,,,,,,,,0.00,,0.00,,,,,,,,,,,,,,,0,0,,,,,,,,,,
Comoros,COM,,,NAT_TOTAL,20200302,,,,,,,,,,,,,,,,,,,,,,,,,,,0.00,,0.00,,,,,,,,,,,,,,,0,0,,,,,,,,,,
Comoros,COM,,,NAT_TOTAL,20200303,,,,,,,,,,,,,,,,,,,,,,,,,,,0.00,,0.00,,,,,,,,,,,,,,,0,0,,,,,,,,,,
Comoros,COM,,,NAT_TOTAL,20200304,,,,,,,,,,,,,,,,,,,,,,,,,,,0.00,,0.00,,,,,,,,,,,,,,,0,0,,,,,,,,,,
Comoros,COM,,,NAT_TOTAL,20200305,,,,,,,,,,,,,,,,,,,,,,,,,,,0.00,,0.00,,,,,,,,,,,,,,,0,0,,,,,,,,,,
Comoros,COM,,,NAT_TOTAL,20200306,,,,,,,,,,,,,,,,,,,,,,,,,,,0.00,,0.00,,,,,,,,,,,,,,,0,0,,,,,,,,,,
Comoros,COM,,,NAT_TOTAL,20200307,,,,,,,,,,,,,,,,,,,,,,,,,,,0.00,,0.00,,,,,,,,,,,,,,,0,0,,,,,,,,,,
Comoros,COM,,,NAT_TOTAL,20200308,,,,,,,,,,,,,,,,,,,,,,,,,,,0.00,,0.00,,,,,,,,,,,,,,,0,0,,,,,,,,,,
Comoros,COM,,,NAT_TOTAL,20200309,,,,,,,,,,,,,,,,,,,,,,,,,,,0.00,,0.00,,,,,,,,,,,,,,,0,0,,,,,,,,,,
Comoros,COM,,,NAT_TOTAL,20200310,,,,,,,,,,,,,,,,,,,,,,,,,,,0.00,,0.00,,,,,,,,,,,,,,,0,0,,,,,,,,,,
Comoros,COM,,,NAT_TOTAL,20200311,,,,,,,,,,,,,,,,,,,,,,,,,,,0.00,,0.00,,,,,,,,,,,,,,,0,0,,,,,,,,,,
Comoros,COM,,,NAT_TOTAL,20200312,,,,,,,,,,,,,,,,,,,,,,,,,,,0.00,,0.00,,,,,,,,,,,,,,,0,0,,,,,,,,,,
Comoros,COM,,,NAT_TOTAL,20200313,,,,,,,,,,,,,,,,,,,,,,,,,,,0.00,,0.00,,,,,,,,,,,,,,,0,0,,,,,,,,,,
Comoros,COM,,,NAT_TOTAL,20200314,,,,,,,,,,,,,,,,,,,,,,,,,,,0.00,,0.00,,,,,,,,,,,,,,,0,0,,,,,,,,,,
Comoros,COM,,,NAT_TOTAL,20200315,,,,,,,,,,,,,,,,,,,,,,,,,,,0.00,,0.00,,,,,,,,,,,,,,,0,0,,,,,,,,,,
Comoros,COM,,,NAT_TOTAL,20200316,,,,,,,,,,,,,,,,,,,,,,,,,,,0.00,,0.00,,,,,,,,,,,,,,,0,0,,,,,,,,,,
Comoros,COM,,,NAT_TOTAL,20200317,,,,,,,,,,,,,,,,,,,,,,,,,,,0.00,,0.00,,,,,,,,,,,,,,,0,0,,,,,,,,,,
Comoros,COM,,,NAT_TOTAL,20200318,,,,,,,,,,,,,,,,,,,,,,,,,,,0.00,,0.00,,,,,,,,,,,,,,,0,0,,,,,,,,,,
Comoros,COM,,,NAT_TOTAL,20200319,,,,,,,,,,,,,,,,,,,,,,,,,,,0.00,,0.00,,,,,,,,,,,,,,,0,0,,,,,,,,,,
Comoros,COM,,,NAT_TOTAL,20200320,,,,,,,,,,,,,,,,,,,,,,,,,,,0.00,,0.00,,,,,,,,,,,,,,,0,0,,,,,,,,,,
Comoros,COM,,,NAT_TOTAL,20200321,,,,,,,,,,,,,,,,,,,,,,,,,,,0.00,,0.00,,,,,,,,,,,,,,,0,0,,,,,,,,,,
Comoros,COM,,,NAT_TOTAL,20200322,,,,,,,,,,,,,,,,,,,,,,,,,,,0.00,,0.00,,,,,,,,,,,,,,,0,0,,,,,,,,,,
Comoros,COM,,,NAT_TOTAL,20200323,,,,,,,,,,,,,,,,,,,,,,,,,,,0.00,,0.00,,,,,,,,,,,,,,,0,0,,,,,,,,,,
Comoros,COM,,,NAT_TOTAL,20200324,,,,,,,,,,,,,,,,,,,,,,,,,,,0.00,,0.00,,,,,,,,,,,,,,,0,0,,,,,,,,,,
Comoros,COM,,,NAT_TOTAL,20200325,,,,,,,,,,,,,,,,,,,,,,,,,,,0.00,,0.00,,,,,,,,,,,,,,,0,0,,,,,,,,,,
Comoros,COM,,,NAT_TOTAL,20200326,,,,,,,,,,,,,,,,,,,,,,,,,,,0.00,,0.00,,,,,,,,,,,,,,,0,0,,,,,,,,,,
Comoros,COM,,,NAT_TOTAL,20200327,,,,,,,,,,,,,,,,,,,,,,,,,,,0.00,,0.00,,,,,,,,,,,,,,,0,0,,,,,,,,,,
Comoros,COM,,,NAT_TOTAL,20200328,,,,,,,,,,,,,,,,,,,,,,,,,,,0.00,,0.00,,,,,,,,,,,,,,,0,0,,,,,,,,,,
Comoros,COM,,,NAT_TOTAL,20200329,,,,,,,,,,,,,,,,,,,,,,,,,,,0.00,,0.00,,,,,,,,,,,,,,,0,0,,,,,,,,,,
Comoros,COM,,,NAT_TOTAL,20200330,,,,,,,,,,,,,,,,,,,,,,,,,,,0.00,,0.00,,,,,,,,,,,,,,,0,0,,,,,,,,,,
Comoros,COM,,,NAT_TOTAL,20200331,,,,,,,,,,,,,,,,,,,,,,,,,,,0.00,,0.00,,,,,,,,,,,,,,,0,0,,,,,,,,,,
Comoros,COM,,,NAT_TOTAL,20200401,,,,,,,,,,,,,,,,,,,,,,,,,,,0.00,,0.00,,,,,,,,,,,,,,,0,0,,,,,,,,,,
Comoros,COM,,,NAT_TOTAL,20200402,,,,,,,,,,,,,,,,,,,,,,,,,,,0.00,,0.00,,,,,,,,,,,,,,,0,0,,,,,,,,,,
Comoros,COM,,,NAT_TOTAL,20200403,,,,,,,,,,,,,,,,,,,,,,,,,,,0.00,,0.00,,,,,,,,,,,,,,,0,0,,,,,,,,,,
Comoros,COM,,,NAT_TOTAL,20200404,,,,,,,,,,,,,,,,,,,,,,,,,,,0.00,,0.00,,,,,,,,,,,,,,,0,0,,,,,,,,,,
Comoros,COM,,,NAT_TOTAL,20200405,,,,,,,,,,,,,,,,,,,,,,,,,,,0.00,,0.00,,,,,,,,,,,,,,,0,0,,,,,,,,,,
Comoros,COM,,,NAT_TOTAL,20200406,,,,,,,,,,,,,,,,,,,,,,,,,,,0.00,,0.00,,,,,,,,,,,,,,,0,0,,,,,,,,,,
Comoros,COM,,,NAT_TOTAL,20200407,,,,,,,,,,,,,,,,,,,,,,,,,,,0.00,,0.00,,,,,,,,,,,,,,,0,0,,,,,,,,,,
Comoros,COM,,,NAT_TOTAL,20200408,,,,,,,,,,,,,,,,,,,,,,,,,,,0.00,,0.00,,,,,,,,,,,,,,,0,0,,,,,,,,,,
Comoros,COM,,,NAT_TOTAL,20200409,,,,,,,,,,,,,,,,,,,,,,,,,,,0.00,,0.00,,,,,,,,,,,,,,,0,0,,,,,,,,,,
Comoros,COM,,,NAT_TOTAL,20200410,,,,,,,,,,,,,,,,,,,,,,,,,,,0.00,,0.00,,,,,,,,,,,,,,,0,0,,,,,,,,,,
Comoros,COM,,,NAT_TOTAL,20200411,,,,,,,,,,,,,,,,,,,,,,,,,,,0.00,,0.00,,,,,,,,,,,,,,,0,0,,,,,,,,,,
Comoros,COM,,,NAT_TOTAL,20200412,,,,,,,,,,,,,,,,,,,,,,,,,,,0.00,,0.00,,,,,,,,,,,,,,,0,0,,,,,,,,,,
Comoros,COM,,,NAT_TOTAL,20200413,,,,,,,,,,,,,,,,,,,,,,,,,,,0.00,,0.00,,,,,,,,,,,,,,,0,0,,,,,,,,,,
Comoros,COM,,,NAT_TOTAL,20200414,,,,,,,,,,,,,,,,,,,,,,,,,,,0.00,,0.00,,,,,,,,,,,,,,,0,0,,,,,,,,,,
Comoros,COM,,,NAT_TOTAL,20200415,,,,,,,,,,,,,,,,,,,,,,,,,,,0.00,,0.00,,,,,,,,,,,,,,,0,0,,,,,,,,,,
Comoros,COM,,,NAT_TOTAL,20200416,,,,,,,,,,,,,,,,,,,,,,,,,,,0.00,,0.00,,,,,,,,,,,,,,,0,0,,,,,,,,,,
Comoros,COM,,,NAT_TOTAL,20200417,,,,,,,,,,,,,,,,,,,,,,,,,,,0.00,,0.00,,,,,,,,,,,,,,,0,0,,,,,,,,,,
Comoros,COM,,,NAT_TOTAL,20200418,,,,,,,,,,,,,,,,,,,,,,,,,,,0.00,,0.00,,,,,,,,,,,,,,,0,0,,,,,,,,,,
Comoros,COM,,,NAT_TOTAL,20200419,,,,,,,,,,,,,,,,,,,,,,,,,,,0.00,,0.00,,,,,,,,,,,,,,,0,0,,,,,,,,,,
Comoros,COM,,,NAT_TOTAL,20200420,,,,,,,,,,,,,,,,,,,,,,,,,,,0.00,,0.00,,,,,,,,,,,,,,,0,0,,,,,,,,,,
Comoros,COM,,,NAT_TOTAL,20200421,,,,,,,,,,,,,,,,,,,,,,,,,,,0.00,,0.00,,,,,,,,,,,,,,,0,0,,,,,,,,,,
Comoros,COM,,,NAT_TOTAL,20200422,,,,,,,,,,,,,,,,,,,,,,,,,,,0.00,,0.00,,,,,,,,,,,,,,,0,0,,,,,,,,,,
Comoros,COM,,,NAT_TOTAL,20200423,,,,,,,,,,,,,,,,,,,,,,,,,,,0.00,,0.00,,,,,,,,,,,,,,,0,0,,,,,,,,,,
Comoros,COM,,,NAT_TOTAL,20200424,,,,,,,,,,,,,,,,,,,,,,,,,,,0.00,,0.00,,,,,,,,,,,,,,,0,0,,,,,,,,,,
Comoros,COM,,,NAT_TOTAL,20200425,,,,,,,,,,,,,,,,,,,,,,,,,,,0.00,,0.00,,,,,,,,,,,,,,,0,0,,,,,,,,,,
Comoros,COM,,,NAT_TOTAL,20200426,,,,,,,,,,,,,,,,,,,,,,,,,,,0.00,,0.00,,,,,,,,,,,,,,,0,0,,,,,,,,,,
Comoros,COM,,,NAT_TOTAL,20200427,,,,,,,,,,,,,,,,,,,,,,,,,,,0.00,,0.00,,,,,,,,,,,,,,,0,0,,,,,,,,,,
Comoros,COM,,,NAT_TOTAL,20200428,,,,,,,,,,,,,,,,,,,,,,,,,,,0.00,,0.00,,,,,,,,,,,,,,,0,0,,,,,,,,,,
Comoros,COM,,,NAT_TOTAL,20200429,,,,,,,,,,,,,,,,,,,,,,,,,,,0.00,,0.00,,,,,,,,,,,,,,,0,0,,,,,,,,,,
Comoros,COM,,,NAT_TOTAL,20200430,,,,,,,,,,,,,,,,,,,,,,,,,,,0.00,,0.00,,,,,,,,,,,,,,,1,0,,,,,,,,,,
Comoros,COM,,,NAT_TOTAL,20200501,,,,,,,,,,,,,,,,,,,,,,,,,,,0.00,,0.00,,,,,,,,,,,,,,,1,0,,,,,,,,,,
Comoros,COM,,,NAT_TOTAL,20200502,,,,,,,,,,,,,,,,,,,,,,,,,,,0.00,,0.00,,,,,,,,,,,,,,,3,0,,,,,,,,,,
Comoros,COM,,,NAT_TOTAL,20200503,,,,,,,,,,,,,,,,,,,,,,,,,,,0.00,,0.00,,,,,,,,,,,,,,,3,0,,,,,,,,,,
Comoros,COM,,,NAT_TOTAL,20200504,,,,,,,,,,,,,,,,,,,,,,,,,,,0.00,,0.00,,,,,,,,,,,,,,,3,0,,,,,,,,,,
Comoros,COM,,,NAT_TOTAL,20200505,,,,,,,,,,,,,,,,,,,,,,,,,,,0.00,,0.00,,,,,,,,,,,,,,,3,0,,,,,,,,,,
Comoros,COM,,,NAT_TOTAL,20200506,,,,,,,,,,,,,,,,,,,,,,,,,,,0.00,,0.00,,,,,,,,,,,,,,,8,1,,,,,,,,,,
Comoros,COM,,,NAT_TOTAL,20200507,,,,,,,,,,,,,,,,,,,,,,,,,,,0.00,,0.00,,,,,,,,,,,,,,,8,1,,,,,,,,,,
Comoros,COM,,,NAT_TOTAL,20200508,,,,,,,,,,,,,,,,,,,,,,,,,,,0.00,,0.00,,,,,,,,,,,,,,,8,1,,,,,,,,,,
Comoros,COM,,,NAT_TOTAL,20200509,,,,,,,,,,,,,,,,,,,,,,,,,,,0.00,,0.00,,,,,,,,,,,,,,,11,1,,,,,,,,,,
Comoros,COM,,,NAT_TOTAL,20200510,,,,,,,,,,,,,,,,,,,,,,,,,,,0.00,,0.00,,,,,,,,,,,,,,,11,1,,,,,,,,,,
Comoros,COM,,,NAT_TOTAL,20200511,,,,,,,,,,,,,,,,,,,,,,,,,,,0.00,,0.00,,,,,,,,,,,,,,,11,1,,,,,,,,,,
Comoros,COM,,,NAT_TOTAL,20200512,,,,,,,,,,,,,,,,,,,,,,,,,,,0.00,,0.00,,,,,,,,,,,,,,,11,1,,,,,,,,,,
Comoros,COM,,,NAT_TOTAL,20200513,,,,,,,,,,,,,,,,,,,,,,,,,,,0.00,,0.00,,,,,,,,,,,,,,,11,1,,,,,,,,,,
Comoros,COM,,,NAT_TOTAL,20200514,,,,,,,,,,,,,,,,,,,,,,,,,,,0.00,,0.00,,,,,,,,,,,,,,,11,1,,,,,,,,,,
Comoros,COM,,,NAT_TOTAL,20200515,,,,,,,,,,,,,,,,,,,,,,,,,,,0.00,,0.00,,,,,,,,,,,,,,,11,1,,,,,,,,,,
Comoros,COM,,,NAT_TOTAL,20200516,,,,,,,,,,,,,,,,,,,,,,,,,,,0.00,,0.00,,,,,,,,,,,,,,,11,1,,,,,,,,,,
Comoros,COM,,,NAT_TOTAL,20200517,,,,,,,,,,,,,,,,,,,,,,,,,,,0.00,,0.00,,,,,,,,,,,,,,,11,1,,,,,,,,,,
Comoros,COM,,,NAT_TOTAL,20200518,,,,,,,,,,,,,,,,,,,,,,,,,,,0.00,,0.00,,,,,,,,,,,,,,,11,1,,,,,,,,,,
Comoros,COM,,,NAT_TOTAL,20200519,,,,,,,,,,,,,,,,,,,,,,,,,,,0.00,,0.00,,,,,,,,,,,,,,,11,1,,,,,,,,,,
Comoros,COM,,,NAT_TOTAL,20200520,,,,,,,,,,,,,,,,,,,,,,,,,,,0.00,,0.00,,,,,,,,,,,,,,,34,1,,,,,,,,,,
Comoros,COM,,,NAT_TOTAL,20200521,,,,,,,,,,,,,,,,,,,,,,,,,,,0.00,,0.00,,,,,,,,,,,,,,,34,1,,,,,,,,,,
Comoros,COM,,,NAT_TOTAL,20200522,,,,,,,,,,,,,,,,,,,,,,,,,,,2.00,1,0.00,,,,,,,,,,,,,,,78,1,,,,,,,,,,
Comoros,COM,,,NAT_TOTAL,20200523,,,,,,,,,,,,,,,,,,,,,,,,,,,2.00,1,0.00,,,,,,,,,,,,,,,78,1,,,,,,,,,,
Comoros,COM,,,NAT_TOTAL,20200524,,,,,,,,,,,,,,,,,,,,,,,,,,,2.00,1,0.00,,,,,,,,,,,,,,,87,1,,,,,,,,,,
Comoros,COM,,,NAT_TOTAL,20200525,,,,,,,,,,,,,,,,,,,,,,,,,,,2.00,1,0.00,,,,,,,,,,,,,,,87,1,,,,,,,,,,
Comoros,COM,,,NAT_TOTAL,20200526,,,,,,,,,,,,,,,,,,,,,,,,,,,2.00,1,0.00,,,,,,,,,,,,,,,87,1,,,,,,,,,,
Comoros,COM,,,NAT_TOTAL,20200527,,,,,,,,,,,,,,,,,,,,,,,,,,,2.00,1,0.00,,,,,,,,,,,,,,,87,2,,,,,,,,,,
Comoros,COM,,,NAT_TOTAL,20200528,,,,,,,,,,,,,,,,,,,,,,,,,,,2.00,1,0.00,,,,,,,,,,,,,,,87,2,,,,,,,,,,
Comoros,COM,,,NAT_TOTAL,20200529,,,,,,,,,,,,,,,,,,,,,,,,,,,2.00,1,0.00,,,,,,,,,,,,,,,87,2,,,,,,,,,,
Comoros,COM,,,NAT_TOTAL,20200530,,,,,,,,,,,,,,,,,,,,,,,,,,,2.00,1,0.00,,,,,,,,,,,,,,,106,2,,,,,,,,,,
Comoros,COM,,,NAT_TOTAL,20200531,,,,,,,,,,,,,,,,,,,,,,,,,,,2.00,1,0.00,,,,,,,,,,,,,,,106,2,,,,,,,,,,
Comoros,COM,,,NAT_TOTAL,20200601,,,,,,,,,,,,,,,,,,,,,,,,,,,2.00,1,0.00,,,,,,,,,,,,,,,106,2,,,,,,,,,,
Comoros,COM,,,NAT_TOTAL,20200602,,,,,,,,,,,,,,,,,,,,,,,,,,,2.00,1,0.00,,,,,,,,,,,,,,,132,2,,,,,,,,,,
Comoros,COM,,,NAT_TOTAL,20200603,,,,,,,,,,,,,,,,,,,,,,,,,,,2.00,1,0.00,,,,,,,,,,,,,,,132,2,,,,,,,,,,
Comoros,COM,,,NAT_TOTAL,20200604,,,,,,,,,,,,,,,,,,,,,,,,,,,2.00,1,0.00,,,,,,,,,,,,,,,132,2,,,,,,,,,,
Comoros,COM,,,NAT_TOTAL,20200605,,,,,,,,,,,,,,,,,,,,,,,,,,,2.00,1,0.00,,,,,,,,,,,,,,,132,2,,,,,,,,,,
Comoros,COM,,,NAT_TOTAL,20200606,,,,,,,,,,,,,,,,,,,,,,,,,,,2.00,1,0.00,,,,,,,,,,,,,,,141,2,,,,,,,,,,
Comoros,COM,,,NAT_TOTAL,20200607,,,,,,,,,,,,,,,,,,,,,,,,,,,2.00,1,0.00,,,,,,,,,,,,,,,141,2,,,,,,,,,,
Comoros,COM,,,NAT_TOTAL,20200608,,,,,,,,,,,,,,,,,,,,,,,,,,,2.00,1,0.00,,,,,,,,,,,,,,,141,2,,,,,,,,,,
Comoros,COM,,,NAT_TOTAL,20200609,,,,,,,,,,,,,,,,,,,,,,,,,,,2.00,1,0.00,,,,,,,,,,,,,,,141,2,,,,,,,,,,
Comoros,COM,,,NAT_TOTAL,20200610,,,,,,,,,,,,,,,,,,,,,,,,,,,2.00,1,0.00,,,,,,,,,,,,,,,162,2,,,,,,,,,,
Comoros,COM,,,NAT_TOTAL,20200611,,,,,,,,,,,,,,,,,,,,,,,,,,,2.00,1,0.00,,,,,,,,,,,,,,,162,2,,,,,,,,,,
Comoros,COM,,,NAT_TOTAL,20200612,,,,,,,,,,,,,,,,,,,,,,,,,,,2.00,1,0.00,,,,,,,,,,,,,,,163,2,,,,,,,,,,
Comoros,COM,,,NAT_TOTAL,20200613,,,,,,,,,,,,,,,,,,,,,,,,,,,2.00,1,0.00,,,,,,,,,,,,,,,176,2,,,,,,,,,,
Comoros,COM,,,NAT_TOTAL,20200614,,,,,,,,,,,,,,,,,,,,,,,,,,,2.00,1,0.00,,,,,,,,,,,,,,,176,2,,,,,,,,,,
Comoros,COM,,,NAT_TOTAL,20200615,,,,,,,,,,,,,,,,,,,,,,,,,,,2.00,1,0.00,,,,,,,,,,,,,,,176,2,,,,,,,,,,
Comoros,COM,,,NAT_TOTAL,20200616,,,,,,,,,,,,,,,,,,,,,,,,,,,2.00,1,0.00,,,,,,,,,,,,,,,197,3,,,,,,,,,,
Comoros,COM,,,NAT_TOTAL,20200617,,,,,,,,,,,,,,,,,,,,,,,,,,,2.00,1,0.00,,,,,,,,,,,,,,,197,3,,,,,,,,,,
Comoros,COM,,,NAT_TOTAL,20200618,,,,,,,,,,,,,,,,,,,,,,,,,,,2.00,1,0.00,,,,,,,,,,,,,,,210,5,,,,,,,,,,
Comoros,COM,,,NAT_TOTAL,20200619,,,,,,,,,,,,,,,,,,,,,,,,,,,2.00,1,0.00,,,,,,,,,,,,,,,210,5,,,,,,,,,,
Comoros,COM,,,NAT_TOTAL,20200620,,,,,,,,,,,,,,,,,,,,,,,,,,,2.00,1,0.00,,,,,,,,,,,,,,,247,5,,,,,,,,,,
Comoros,COM,,,NAT_TOTAL,20200621,,,,,,,,,,,,,,,,,,,,,,,,,,,2.00,1,0.00,,,,,,,,,,,,,,,247,5,,,,,,,,,,
Comoros,COM,,,NAT_TOTAL,20200622,,,,,,,,,,,,,,,,,,,,,,,,,,,2.00,1,0.00,,,,,,,,,,,,,,,247,5,,,,,,,,,,
Comoros,COM,,,NAT_TOTAL,20200623,,,,,,,,,,,,,,,,,,,,,,,,,,,2.00,1,0.00,,,,,,,,,,,,,,,265,7,,,,,,,,,,
Comoros,COM,,,NAT_TOTAL,20200624,,,,,,,,,,,,,,,,,,,,,,,,,,,2.00,1,0.00,,,,,,,,,,,,,,,265,7,,,,,,,,,,
Comoros,COM,,,NAT_TOTAL,20200625,,,,,,,,,,,,,,,,,,,,,,,,,,,2.00,1,0.00,,,,,,,,,,,,,,,272,7,,,,,,,,,,
Comoros,COM,,,NAT_TOTAL,20200626,,,,,,,,,,,,,,,,,,,,,,,,,,,2.00,1,0.00,,,,,,,,,,,,,,,272,7,,,,,,,,,,
Comoros,COM,,,NAT_TOTAL,20200627,,,,,,,,,,,,,,,,,,,,,,,,,,,2.00,1,0.00,,,,,,,,,,,,,,,272,7,,,,,,,,,,
Comoros,COM,,,NAT_TOTAL,20200628,,,,,,,,,,,,,,,,,,,,,,,,,,,2.00,1,0.00,,,,,,,,,,,,,,,272,7,,,,,,,,,,
Comoros,COM,,,NAT_TOTAL,20200629,,,,,,,,,,,,,,,,,,,,,,,,,,,2.00,1,0.00,,,,,,,,,,,,,,,272,7,,,,,,,,,,
Comoros,COM,,,NAT_TOTAL,20200630,,,,,,,,,,,,,,,,,,,,,,,,,,,2.00,1,0.00,,,,,,,,,,,,,,,303,7,,,,,,,,,,
Comoros,COM,,,NAT_TOTAL,20200701,,,,,,,,,,,,,,,,,,,,,,,,,,,2.00,1,0.00,,,,,,,,,,,,,,,303,7,,,,,,,,,,
Comoros,COM,,,NAT_TOTAL,20200702,,,,,,,,,,,,,,,,,,,,,,,,,,,2.00,1,0.00,,,,,,,,,,,,,,,303,7,,,,,,,,,,
Comoros,COM,,,NAT_TOTAL,20200703,,,,,,,,,,,,,,,,,,,,,,,,,,,2.00,1,0.00,,,,,,,,,,,,,,,309,7,,,,,,,,,,
Comoros,COM,,,NAT_TOTAL,20200704,,,,,,,,,,,,,,,,,,,,,,,,,,,2.00,1,0.00,,,,,,,,,,,,,,,309,7,,,,,,,,,,
Comoros,COM,,,NAT_TOTAL,20200705,,,,,,,,,,,,,,,,,,,,,,,,,,,2.00,1,0.00,,,,,,,,,,,,,,,311,7,,,,,,,,,,
Comoros,COM,,,NAT_TOTAL,20200706,,,,,,,,,,,,,,,,,,,,,,,,,,,2.00,1,0.00,,,,,,,,,,,,,,,311,7,,,,,,,,,,
Comoros,COM,,,NAT_TOTAL,20200707,,,,,,,,,,,,,,,,,,,,,,,,,,,2.00,1,0.00,,,,,,,,,,,,,,,311,7,,,,,,,,,,
Comoros,COM,,,NAT_TOTAL,20200708,,,,,,,,,,,,,,,,,,,,,,,,,,,2.00,1,0.00,,,,,,,,,,,,,,,313,7,,,,,,,,,,
Comoros,COM,,,NAT_TOTAL,20200709,,,,,,,,,,,,,,,,,,,,,,,,,,,2.00,1,0.00,,,,,,,,,,,,,,,314,7,,,,,,,,,,
Comoros,COM,,,NAT_TOTAL,20200710,,,,,,,,,,,,,,,,,,,,,,,,,,,2.00,1,0.00,,,,,,,,,,,,,,,314,7,,,,,,,,,,
Comoros,COM,,,NAT_TOTAL,20200711,,,,,,,,,,,,,,,,,,,,,,,,,,,2.00,1,0.00,,,,,,,,,,,,,,,317,7,,,,,,,,,,
Comoros,COM,,,NAT_TOTAL,20200712,,,,,,,,,,,,,,,,,,,,,,,,,,,2.00,1,0.00,,,,,,,,,,,,,,,317,7,,,,,,,,,,
Comoros,COM,,,NAT_TOTAL,20200713,,,,,,,,,,,,,,,,,,,,,,,,,,,2.00,1,0.00,,,,,,,,,,,,,,,317,7,,,,,,,,,,
Comoros,COM,,,NAT_TOTAL,20200714,,,,,,,,,,,,,,,,,,,,,,,,,,,2.00,1,0.00,,,,,,,,,,,,,,,321,7,,,,,,,,,,
Comoros,COM,,,NAT_TOTAL,20200715,,,,,,,,,,,,,,,,,,,,,,,,,,,2.00,1,0.00,,,,,,,,,,,,,,,321,7,,,,,,,,,,
Comoros,COM,,,NAT_TOTAL,20200716,,,,,,,,,,,,,,,,,,,,,,,,,,,2.00,1,0.00,,,,,,,,,,,,,,,328,7,,,,,,,,,,
Comoros,COM,,,NAT_TOTAL,20200717,,,,,,,,,,,,,,,,,,,,,,,,,,,2.00,1,0.00,,,,,,,,,,,,,,,328,7,,,,,,,,,,
Comoros,COM,,,NAT_TOTAL,20200718,,,,,,,,,,,,,,,,,,,,,,,,,,,2.00,1,0.00,,,,,,,,,,,,,,,328,7,,,,,,,,,,
Comoros,COM,,,NAT_TOTAL,20200719,,,,,,,,,,,,,,,,,,,,,,,,,,,2.00,1,0.00,,,,,,,,,,,,,,,334,7,,,,,,,,,,
Comoros,COM,,,NAT_TOTAL,20200720,,,,,,,,,,,,,,,,,,,,,,,,,,,2.00,1,0.00,,,,,,,,,,,,,,,334,7,,,,,,,,,,
Comoros,COM,,,NAT_TOTAL,20200721,,,,,,,,,,,,,,,,,,,,,,,,,,,2.00,1,0.00,,,,,,,,,,,,,,,337,7,,,,,,,,,,
Comoros,COM,,,NAT_TOTAL,20200722,,,,,,,,,,,,,,,,,,,,,,,,,,,2.00,1,0.00,,,,,,,,,,,,,,,337,7,,,,,,,,,,
Comoros,COM,,,NAT_TOTAL,20200723,,,,,,,,,,,,,,,,,,,,,,,,,,,2.00,1,0.00,,,,,,,,,,,,,,,340,7,,,,,,,,,,
Comoros,COM,,,NAT_TOTAL,20200724,,,,,,,,,,,,,,,,,,,,,,,,,,,2.00,1,0.00,,,,,,,,,,,,,,,340,7,,,,,,,,,,
Comoros,COM,,,NAT_TOTAL,20200725,,,,,,,,,,,,,,,,,,,,,,,,,,,2.00,1,0.00,,,,,,,,,,,,,,,340,7,,,,,,,,,,
Comoros,COM,,,NAT_TOTAL,20200726,,,,,,,,,,,,,,,,,,,,,,,,,,,2.00,1,0.00,,,,,,,,,,,,,,,354,7,,,,,,,,,,
Comoros,COM,,,NAT_TOTAL,20200727,,,,,,,,,,,,,,,,,,,,,,,,,,,2.00,1,0.00,,,,,,,,,,,,,,,354,7,,,,,,,,,,
Comoros,COM,,,NAT_TOTAL,20200728,,,,,,,,,,,,,,,,,,,,,,,,,,,2.00,1,0.00,,,,,,,,,,,,,,,354,7,,,,,,,,,,
Comoros,COM,,,NAT_TOTAL,20200729,,,,,,,,,,,,,,,,,,,,,,,,,,,2.00,1,0.00,,,,,,,,,,,,,,,378,7,,,,,,,,,,
Comoros,COM,,,NAT_TOTAL,20200730,,,,,,,,,,,,,,,,,,,,,,,,,,,2.00,1,0.00,,,,,,,,,,,,,,,378,7,,,,,,,,,,
Comoros,COM,,,NAT_TOTAL,20200731,,,,,,,,,,,,,,,,,,,,,,,,,,,2.00,1,0.00,,,,,,,,,,,,,,,378,7,,,,,,,,,,
Comoros,COM,,,NAT_TOTAL,20200801,,,,,,,,,,,,,,,,,,,,,,,,,,,2.00,1,0.00,,,,,,,,,,,,,,,386,7,,,,,,,,,,
Comoros,COM,,,NAT_TOTAL,20200802,,,,,,,,,,,,,,,,,,,,,,,,,,,2.00,1,0.00,,,,,,,,,,,,,,,386,7,,,,,,,,,,
Comoros,COM,,,NAT_TOTAL,20200803,,,,,,,,,,,,,,,,,,,,,,,,,,,2.00,1,0.00,,,,,,,,,,,,,,,386,7,,,,,,,,,,
Comoros,COM,,,NAT_TOTAL,20200804,,,,,,,,,,,,,,,,,,,,,,,,,,,2.00,1,0.00,,,,,,,,,,,,,,,388,7,,,,,,,,,,
Comoros,COM,,,NAT_TOTAL,20200805,,,,,,,,,,,,,,,,,,,,,,,,,,,2.00,1,0.00,,,,,,,,,,,,,,,388,7,,,,,,,,,,
Comoros,COM,,,NAT_TOTAL,20200806,,,,,,,,,,,,,,,,,,,,,,,,,,,2.00,1,0.00,,,,,,,,,,,,,,,396,7,,,,,,,,,,
Comoros,COM,,,NAT_TOTAL,20200807,,,,,,,,,,,,,,,,,,,,,,,,,,,3.00,1,0.00,,,,,,,,,,,,,,,396,7,,,,,,,,,,
Comoros,COM,,,NAT_TOTAL,20200808,,,,,,,,,,,,,,,,,,,,,,,,,,,3.00,1,0.00,,,,,,,,,,,,,,,399,7,,,,,,,,,,
Comoros,COM,,,NAT_TOTAL,20200809,,,,,,,,,,,,,,,,,,,,,,,,,,,3.00,1,0.00,,,,,,,,,,,,,,,399,7,,,,,,,,,,
Comoros,COM,,,NAT_TOTAL,20200810,,,,,,,,,,,,,,,,,,,,,,,,,,,3.00,1,0.00,,,,,,,,,,,,,,,399,7,,,,,,,,,,
Comoros,COM,,,NAT_TOTAL,20200811,,,,,,,,,,,,,,,,,,,,,,,,,,,3.00,1,0.00,,,,,,,,,,,,,,,399,7,,,,,,,,,,
Comoros,COM,,,NAT_TOTAL,20200812,,,,,,,,,,,,,,,,,,,,,,,,,,,3.00,1,0.00,,,,,,,,,,,,,,,399,7,,,,,,,,,,
Comoros,COM,,,NAT_TOTAL,20200813,,,,,,,,,,,,,,,,,,,,,,,,,,,3.00,1,0.00,,,,,,,,,,,,,,,399,7,,,,,,,,,,
Comoros,COM,,,NAT_TOTAL,20200814,,,,,,,,,,,,,,,,,,,,,,,,,,,3.00,1,0.00,,,,,,,,,,,,,,,403,7,,,,,,,,,,
Comoros,COM,,,NAT_TOTAL,20200815,,,,,,,,,,,,,,,,,,,,,,,,,,,3.00,1,0.00,,,,,,,,,,,,,,,403,7,,,,,,,,,,
Comoros,COM,,,NAT_TOTAL,20200816,,,,,,,,,,,,,,,,,,,,,,,,,,,3.00,1,0.00,,,,,,,,,,,,,,,405,7,,,,,,,,,,
Comoros,COM,,,NAT_TOTAL,20200817,,,,,,,,,,,,,,,,,,,,,,,,,,,3.00,1,0.00,,,,,,,,,,,,,,,405,7,,,,,,,,,,
Comoros,COM,,,NAT_TOTAL,20200818,,,,,,,,,,,,,,,,,,,,,,,,,,,3.00,1,0.00,,,,,,,,,,,,,,,406,7,,,,,,,,,,
Comoros,COM,,,NAT_TOTAL,20200819,,,,,,,,,,,,,,,,,,,,,,,,,,,3.00,1,0.00,,,,,,,,,,,,,,,406,7,,,,,,,,,,
Comoros,COM,,,NAT_TOTAL,20200820,,,,,,,,,,,,,,,,,,,,,,,,,,,3.00,1,0.00,,,,,,,,,,,,,,,417,7,,,,,,,,,,
Comoros,COM,,,NAT_TOTAL,20200821,,,,,,,,,,,,,,,,,,,,,,,,,,,3.00,1,0.00,,,,,,,,,,,,,,,417,7,,,,,,,,,,
Comoros,COM,,,NAT_TOTAL,20200822,,,,,,,,,,,,,,,,,,,,,,,,,,,3.00,1,0.00,,,,,,,,,,,,,,,417,7,,,,,,,,,,
Comoros,COM,,,NAT_TOTAL,20200823,,,,,,,,,,,,,,,,,,,,,,,,,,,3.00,1,0.00,,,,,,,,,,,,,,,417,7,,,,,,,,,,
Comoros,COM,,,NAT_TOTAL,20200824,,,,,,,,,,,,,,,,,,,,,,,,,,,3.00,1,0.00,,,,,,,,,,,,,,,417,7,,,,,,,,,,
Comoros,COM,,,NAT_TOTAL,20200825,,,,,,,,,,,,,,,,,,,,,,,,,,,3.00,1,0.00,,,,,,,,,,,,,,,417,7,,,,,,,,,,
Comoros,COM,,,NAT_TOTAL,20200826,,,,,,,,,,,,,,,,,,,,,,,,,,,3.00,1,0.00,,,,,,,,,,,,,,,417,7,,,,,,,,,,
Comoros,COM,,,NAT_TOTAL,20200827,,,,,,,,,,,,,,,,,,,,,,,,,,,3.00,1,0.00,,,,,,,,,,,,,,,422,7,,,,,,,,,,
Comoros,COM,,,NAT_TOTAL,20200828,,,,,,,,,,,,,,,,,,,,,,,,,,,3.00,1,0.00,,,,,,,,,,,,,,,422,7,,,,,,,,,,
Comoros,COM,,,NAT_TOTAL,20200829,,,,,,,,,,,,,,,,,,,,,,,,,,,3.00,1,0.00,,,,,,,,,,,,,,,423,7,,,,,,,,,,
Comoros,COM,,,NAT_TOTAL,20200830,,,,,,,,,,,,,,,,,,,,,,,,,,,3.00,1,0.00,,,,,,,,,,,,,,,423,7,,,,,,,,,,
Comoros,COM,,,NAT_TOTAL,20200831,,,,,,,,,,,,,,,,,,,,,,,,,,,3.00,1,0.00,,,,,,,,,,,,,,,423,7,,,,,,,,,,
Comoros,COM,,,NAT_TOTAL,20200901,,,,,,,,,,,,,,,,,,,,,,,,,,,3.00,1,0.00,,,,,,,,,,,,,,,427,7,,,,,,,,,,
Comoros,COM,,,NAT_TOTAL,20200902,,,,,,,,,,,,,,,,,,,,,,,,,,,3.00,1,0.00,,,,,,,,,,,,,,,427,7,,,,,,,,,,
Comoros,COM,,,NAT_TOTAL,20200903,,,,,,,,,,,,,,,,,,,,,,,,,,,3.00,1,0.00,,,,,,,,,,,,,,,448,7,,,,,,,,,,
Comoros,COM,,,NAT_TOTAL,20200904,,,,,,,,,,,,,,,,,,,,,,,,,,,3.00,1,0.00,,,,,,,,,,,,,,,448,7,,,,,,,,,,
Comoros,COM,,,NAT_TOTAL,20200905,,,,,,,,,,,,,,,,,,,,,,,,,,,3.00,1,0.00,,,,,,,,,,,,,,,452,7,,,,,,,,,,
Comoros,COM,,,NAT_TOTAL,20200906,,,,,,,,,,,,,,,,,,,,,,,,,,,3.00,1,0.00,,,,,,,,,,,,,,,452,7,,,,,,,,,,
Comoros,COM,,,NAT_TOTAL,20200907,,,,,,,,,,,,,,,,,,,,,,,,,,,3.00,1,0.00,,,,,,,,,,,,,,,452,7,,,,,,,,,,
Comoros,COM,,,NAT_TOTAL,20200908,,,,,,,,,,,,,,,,,,,,,,,,,,,3.00,1,0.00,,,,,,,,,,,,,,,456,7,,,,,,,,,,
Comoros,COM,,,NAT_TOTAL,20200909,,,,,,,,,,,,,,,,,,,,,,,,,,,3.00,1,0.00,,,,,,,,,,,,,,,456,7,,,,,,,,,,
Comoros,COM,,,NAT_TOTAL,20200910,,,,,,,,,,,,,,,,,,,,,,,,,,,3.00,1,0.00,,,,,,,,,,,,,,,456,7,,,,,,,,,,
Comoros,COM,,,NAT_TOTAL,20200911,,,,,,,,,,,,,,,,,,,,,,,,,,,3.00,1,0.00,,,,,,,,,,,,,,,456,7,,,,,,,,,,
Comoros,COM,,,NAT_TOTAL,20200912,,,,,,,,,,,,,,,,,,,,,,,,,,,3.00,1,0.00,,,,,,,,,,,,,,,456,7,,,,,,,,,,
Comoros,COM,,,NAT_TOTAL,20200913,,,,,,,,,,,,,,,,,,,,,,,,,,,3.00,1,0.00,,,,,,,,,,,,,,,456,7,,,,,,,,,,
Comoros,COM,,,NAT_TOTAL,20200914,,,,,,,,,,,,,,,,,,,,,,,,,,,3.00,1,0.00,,,,,,,,,,,,,,,457,7,,,,,,,,,,
Comoros,COM,,,NAT_TOTAL,20200915,,,,,,,,,,,,,,,,,,,,,,,,,,,3.00,1,0.00,,,,,,,,,,,,,,,467,7,,,,,,,,,,
Comoros,COM,,,NAT_TOTAL,20200916,,,,,,,,,,,,,,,,,,,,,,,,,,,3.00,1,0.00,,,,,,,,,,,,,,,467,7,,,,,,,,,,
Comoros,COM,,,NAT_TOTAL,20200917,,,,,,,,,,,,,,,,,,,,,,,,,,,3.00,1,0.00,,,,,,,,,,,,,,,470,7,,,,,,,,,,
Comoros,COM,,,NAT_TOTAL,20200918,,,,,,,,,,,,,,,,,,,,,,,,,,,3.00,1,0.00,,,,,,,,,,,,,,,470,7,,,,,,,,,,
Comoros,COM,,,NAT_TOTAL,20200919,,,,,,,,,,,,,,,,,,,,,,,,,,,3.00,1,0.00,,,,,,,,,,,,,,,470,7,,,,,,,,,,
Comoros,COM,,,NAT_TOTAL,20200920,,,,,,,,,,,,,,,,,,,,,,,,,,,3.00,1,0.00,,,,,,,,,,,,,,,470,7,,,,,,,,,,
Comoros,COM,,,NAT_TOTAL,20200921,,,,,,,,,,,,,,,,,,,,,,,,,,,3.00,1,0.00,,,,,,,,,,,,,,,470,7,,,,,,,,,,
Comoros,COM,,,NAT_TOTAL,20200922,,,,,,,,,,,,,,,,,,,,,,,,,,,3.00,1,0.00,,,,,,,,,,,,,,,470,7,,,,,,,,,,
Comoros,COM,,,NAT_TOTAL,20200923,,,,,,,,,,,,,,,,,,,,,,,,,,,3.00,1,0.00,,,,,,,,,,,,,,,470,7,,,,,,,,,,
Comoros,COM,,,NAT_TOTAL,20200924,,,,,,,,,,,,,,,,,,,,,,,,,,,3.00,1,0.00,,,,,,,,,,,,,,,474,7,,,,,,,,,,
Comoros,COM,,,NAT_TOTAL,20200925,,,,,,,,,,,,,,,,,,,,,,,,,,,3.00,1,0.00,,,,,,,,,,,,,,,474,7,,,,,,,,,,
Comoros,COM,,,NAT_TOTAL,20200926,,,,,,,,,,,,,,,,,,,,,,,,,,,3.00,1,0.00,,,,,,,,,,,,,,,478,7,,,,,,,,,,
Comoros,COM,,,NAT_TOTAL,20200927,,,,,,,,,,,,,,,,,,,,,,,,,,,3.00,1,0.00,,,,,,,,,,,,,,,478,7,,,,,,,,,,
Comoros,COM,,,NAT_TOTAL,20200928,,,,,,,,,,,,,,,,,,,,,,,,,,,3.00,1,0.00,,,,,,,,,,,,,,,478,7,,,,,,,,,,
Comoros,COM,,,NAT_TOTAL,20200929,,,,,,,,,,,,,,,,,,,,,,,,,,,3.00,1,0.00,,,,,,,,,,,,,,,479,7,,,,,,,,,,
Comoros,COM,,,NAT_TOTAL,20200930,,,,,,,,,,,,,,,,,,,,,,,,,,,3.00,1,0.00,,,,,,,,,,,,,,,479,7,,,,,,,,,,
Comoros,COM,,,NAT_TOTAL,20201001,,,,,,,,,,,,,,,,,,,,,,,,,,,3.00,1,0.00,,,,,,,,,,,,,,,484,7,,,,,,,,,,
Comoros,COM,,,NAT_TOTAL,20201002,,,,,,,,,,,,,,,,,,,,,,,,,,,3.00,1,0.00,,,,,,,,,,,,,,,484,7,,,,,,,,,,
Comoros,COM,,,NAT_TOTAL,20201003,,,,,,,,,,,,,,,,,,,,,,,,,,,3.00,1,0.00,,,,,,,,,,,,,,,487,7,,,,,,,,,,
Comoros,COM,,,NAT_TOTAL,20201004,,,,,,,,,,,,,,,,,,,,,,,,,,,3.00,1,0.00,,,,,,,,,,,,,,,487,7,,,,,,,,,,
Comoros,COM,,,NAT_TOTAL,20201005,,,,,,,,,,,,,,,,,,,,,,,,,,,3.00,1,0.00,,,,,,,,,,,,,,,487,7,,,,,,,,,,
Comoros,COM,,,NAT_TOTAL,20201006,,,,,,,,,,,,,,,,,,,,,,,,,,,3.00,1,0.00,,,,,,,,,,,,,,,491,7,,,,,,,,,,
Comoros,COM,,,NAT_TOTAL,20201007,,,,,,,,,,,,,,,,,,,,,,,,,,,3.00,1,0.00,,,,,,,,,,,,,,,491,7,,,,,,,,,,
Comoros,COM,,,NAT_TOTAL,20201008,,,,,,,,,,,,,,,,,,,,,,,,,,,3.00,1,0.00,,,,,,,,,,,,,,,495,7,,,,,,,,,,
Comoros,COM,,,NAT_TOTAL,20201009,,,,,,,,,,,,,,,,,,,,,,,,,,,3.00,1,0.00,,,,,,,,,,,,,,,495,7,,,,,,,,,,
Comoros,COM,,,NAT_TOTAL,20201010,,,,,,,,,,,,,,,,,,,,,,,,,,,3.00,1,0.00,,,,,,,,,,,,,,,495,7,,,,,,,,,,
Comoros,COM,,,NAT_TOTAL,20201011,,,,,,,,,,,,,,,,,,,,,,,,,,,3.00,1,0.00,,,,,,,,,,,,,,,495,7,,,,,,,,,,
Comoros,COM,,,NAT_TOTAL,20201012,,,,,,,,,,,,,,,,,,,,,,,,,,,3.00,1,0.00,,,,,,,,,,,,,,,495,7,,,,,,,,,,
Comoros,COM,,,NAT_TOTAL,20201013,,,,,,,,,,,,,,,,,,,,,,,,,,,,,0.00,,,,,,,,,,,,,,,496,7,,,,,,,,,,
Comoros,COM,,,NAT_TOTAL,20201014,,,,,,,,,,,,,,,,,,,,,,,,,,,,,0.00,,,,,,,,,,,,,,,496,7,,,,,,,,,,
Comoros,COM,,,NAT_TOTAL,20201015,,,,,,,,,,,,,,,,,,,,,,,,,,,,,0.00,,,,,,,,,,,,,,,496,7,,,,,,,,,,
Comoros,COM,,,NAT_TOTAL,20201016,,,,,,,,,,,,,,,,,,,,,,,,,,,,,0.00,,,,,,,,,,,,,,,502,7,,,,,,,,,,
Comoros,COM,,,NAT_TOTAL,20201017,,,,,,,,,,,,,,,,,,,,,,,,,,,,,0.00,,,,,,,,,,,,,,,502,7,,,,,,,,,,
Comoros,COM,,,NAT_TOTAL,20201018,,,,,,,,,,,,,,,,,,,,,,,,,,,,,0.00,,,,,,,,,,,,,,,502,7,,,,,,,,,,
Comoros,COM,,,NAT_TOTAL,20201019,,,,,,,,,,,,,,,,,,,,,,,,,,,,,0.00,,,,,,,,,,,,,,,502,7,,,,,,,,,,
Comoros,COM,,,NAT_TOTAL,20201020,,,,,,,,,,,,,,,,,,,,,,,,,,,,,0.00,,,,,,,,,,,,,,,504,7,,,,,,,,,,
Comoros,COM,,,NAT_TOTAL,20201021,,,,,,,,,,,,,,,,,,,,,,,,,,,,,0.00,,,,,,,,,,,,,,,504,7,,,,,,,,,,
Comoros,COM,,,NAT_TOTAL,20201022,,,,,,,,,,,,,,,,,,,,,,,,,,,,,0.00,,,,,,,,,,,,,,,517,7,,,,,,,,,,
Comoros,COM,,,NAT_TOTAL,20201023,,,,,,,,,,,,,,,,,,,,,,,,,,,,,0.00,,,,,,,,,,,,,,,517,7,,,,,,,,,,
Comoros,COM,,,NAT_TOTAL,20201024,,,,,,,,,,,,,,,,,,,,,,,,,,,,,0.00,,,,,,,,,,,,,,,517,7,,,,,,,,,,
Comoros,COM,,,NAT_TOTAL,20201025,,,,,,,,,,,,,,,,,,,,,,,,,,,,,0.00,,,,,,,,,,,,,,,517,7,,,,,,,,,,
Comoros,COM,,,NAT_TOTAL,20201026,,,,,,,,,,,,,,,,,,,,,,,,,,,,,0.00,,,,,,,,,,,,,,,517,7,,,,,,,,,,
Comoros,COM,,,NAT_TOTAL,20201027,,,,,,,,,,,,,,,,,,,,,,,,,,,,,0.00,,,,,,,,,,,,,,,517,7,,,,,,,,,,
Comoros,COM,,,NAT_TOTAL,20201028,,,,,,,,,,,,,,,,,,,,,,,,,,,,,0.00,,,,,,,,,,,,,,,517,7,,,,,,,,,,
Comoros,COM,,,NAT_TOTAL,20201029,,,,,,,,,,,,,,,,,,,,,,,,,,,,,0.00,,,,,,,,,,,,,,,517,7,,,,,,,,,,
Comoros,COM,,,NAT_TOTAL,20201030,,,,,,,,,,,,,,,,,,,,,,,,,,,,,0.00,,,,,,,,,,,,,,,537,7,,,,,,,,,,
Comoros,COM,,,NAT_TOTAL,20201031,,,,,,,,,,,,,,,,,,,,,,,,,,,,,0.00,,,,,,,,,,,,,,,545,7,,,,,,,,,,
Comoros,COM,,,NAT_TOTAL,20201101,,,,,,,,,,,,,,,,,,,,,,,,,,,,,0.00,,,,,,,,,,,,,,,545,7,,,,,,,,,,
Comoros,COM,,,NAT_TOTAL,20201102,,,,,,,,,,,,,,,,,,,,,,,,,,,,,0.00,,,,,,,,,,,,,,,545,7,,,,,,,,,,
Comoros,COM,,,NAT_TOTAL,20201103,,,,,,,,,,,,,,,,,,,,,,,,,,,,,0.00,,,,,,,,,,,,,,,545,7,,,,,,,,,,
Comoros,COM,,,NAT_TOTAL,20201104,,,,,,,,,,,,,,,,,,,,,,,,,,,,,0.00,,,,,,,,,,,,,,,554,7,,,,,,,,,,
Comoros,COM,,,NAT_TOTAL,20201105,,,,,,,,,,,,,,,,,,,,,,,,,,,,,0.00,,,,,,,,,,,,,,,557,7,,,,,,,,,,
Comoros,COM,,,NAT_TOTAL,20201106,,,,,,,,,,,,,,,,,,,,,,,,,,,,,0.00,,,,,,,,,,,,,,,557,7,,,,,,,,,,
Comoros,COM,,,NAT_TOTAL,20201107,,,,,,,,,,,,,,,,,,,,,,,,,,,,,0.00,,,,,,,,,,,,,,,563,7,,,,,,,,,,
Comoros,COM,,,NAT_TOTAL,20201108,,,,,,,,,,,,,,,,,,,,,,,,,,,,,0.00,,,,,,,,,,,,,,,563,7,,,,,,,,,,
Comoros,COM,,,NAT_TOTAL,20201109,,,,,,,,,,,,,,,,,,,,,,,,,,,,,0.00,,,,,,,,,,,,,,,563,7,,,,,,,,,,
Comoros,COM,,,NAT_TOTAL,20201110,,,,,,,,,,,,,,,,,,,,,,,,,,,,,0.00,,,,,,,,,,,,,,,569,7,,,,,,,,,,
Comoros,COM,,,NAT_TOTAL,20201111,,,,,,,,,,,,,,,,,,,,,,,,,,,,,0.00,,,,,,,,,,,,,,,569,7,,,,,,,,,,
Comoros,COM,,,NAT_TOTAL,20201112,,,,,,,,,,,,,,,,,,,,,,,,,,,,,0.00,,,,,,,,,,,,,,,574,7,,,,,,,,,,
Comoros,COM,,,NAT_TOTAL,20201113,,,,,,,,,,,,,,,,,,,,,,,,,,,,,0.00,,,,,,,,,,,,,,,574,7,,,,,,,,,,
Comoros,COM,,,NAT_TOTAL,20201114,,,,,,,,,,,,,,,,,,,,,,,,,,,,,0.00,,,,,,,,,,,,,,,579,7,,,,,,,,,,
Comoros,COM,,,NAT_TOTAL,20201115,,,,,,,,,,,,,,,,,,,,,,,,,,,,,0.00,,,,,,,,,,,,,,,579,7,,,,,,,,,,
Comoros,COM,,,NAT_TOTAL,20201116,,,,,,,,,,,,,,,,,,,,,,,,,,,,,0.00,,,,,,,,,,,,,,,579,7,,,,,,,,,,
Comoros,COM,,,NAT_TOTAL,20201117,,,,,,,,,,,,,,,,,,,,,,,,,,,,,0.00,,,,,,,,,,,,,,,591,7,,,,,,,,,,
Comoros,COM,,,NAT_TOTAL,20201118,,,,,,,,,,,,,,,,,,,,,,,,,,,,,0.00,,,,,,,,,,,,,,,591,7,,,,,,,,,,
Comoros,COM,,,NAT_TOTAL,20201119,,,,,,,,,,,,,,,,,,,,,,,,,,,,,0.00,,,,,,,,,,,,,,,592,7,,,,,,,,,,
Comoros,COM,,,NAT_TOTAL,20201120,,,,,,,,,,,,,,,,,,,,,,,,,,,,,0.00,,,,,,,,,,,,,,,592,7,,,,,,,,,,
Comoros,COM,,,NAT_TOTAL,20201121,,,,,,,,,,,,,,,,,,,,,,,,,,,,,0.00,,,,,,,,,,,,,,,596,7,,,,,,,,,,
Comoros,COM,,,NAT_TOTAL,20201122,,,,,,,,,,,,,,,,,,,,,,,,,,,,,0.00,,,,,,,,,,,,,,,596,7,,,,,,,,,,
Comoros,COM,,,NAT_TOTAL,20201123,,,,,,,,,,,,,,,,,,,,,,,,,,,,,0.00,,,,,,,,,,,,,,,596,7,,,,,,,,,,
Comoros,COM,,,NAT_TOTAL,20201124,,,,,,,,,,,,,,,,,,,,,,,,,,,,,0.00,,,,,,,,,,,,,,,607,7,,,,,,,,,,
Comoros,COM,,,NAT_TOTAL,20201125,,,,,,,,,,,,,,,,,,,,,,,,,,,,,0.00,,,,,,,,,,,,,,,607,7,,,,,,,,,,
Comoros,COM,,,NAT_TOTAL,20201126,,,,,,,,,,,,,,,,,,,,,,,,,,,,,0.00,,,,,,,,,,,,,,,610,7,,,,,,,,,,
Comoros,COM,,,NAT_TOTAL,20201127,,,,,,,,,,,,,,,,,,,,,,,,,,,,,0.00,,,,,,,,,,,,,,,610,7,,,,,,,,,,
Comoros,COM,,,NAT_TOTAL,20201128,,,,,,,,,,,,,,,,,,,,,,,,,,,,,0.00,,,,,,,,,,,,,,,611,7,,,,,,,,,,
Comoros,COM,,,NAT_TOTAL,20201129,,,,,,,,,,,,,,,,,,,,,,,,,,,,,0.00,,,,,,,,,,,,,,,611,7,,,,,,,,,,
Comoros,COM,,,NAT_TOTAL,20201130,,,,,,,,,,,,,,,,,,,,,,,,,,,,,0.00,,,,,,,,,,,,,,,611,7,,,,,,,,,,
Comoros,COM,,,NAT_TOTAL,20201201,,,,,,,,,,,,,,,,,,,,,,,,,,,,,0.00,,,,,,,,,,,,,,,613,7,,,,,,,,,,
Comoros,COM,,,NAT_TOTAL,20201202,,,,,,,,,,,,,,,,,,,,,,,,,,,,,0.00,,,,,,,,,,,,,,,613,7,,,,,,,,,,
Comoros,COM,,,NAT_TOTAL,20201203,,,,,,,,,,,,,,,,,,,,,,,,,,,,,0.00,,,,,,,,,,,,,,,615,7,,,,,,,,,,
Comoros,COM,,,NAT_TOTAL,20201204,,,,,,,,,,,,,,,,,,,,,,,,,,,,,0.00,,,,,,,,,,,,,,,615,7,,,,,,,,,,
Comoros,COM,,,NAT_TOTAL,20201205,,,,,,,,,,,,,,,,,,,,,,,,,,,,,0.00,,,,,,,,,,,,,,,616,7,,,,,,,,,,
Comoros,COM,,,NAT_TOTAL,20201206,,,,,,,,,,,,,,,,,,,,,,,,,,,,,0.00,,,,,,,,,,,,,,,616,7,,,,,,,,,,
Comoros,COM,,,NAT_TOTAL,20201207,,,,,,,,,,,,,,,,,,,,,,,,,,,,,0.00,,,,,,,,,,,,,,,616,7,,,,,,,,,,
Comoros,COM,,,NAT_TOTAL,20201208,,,,,,,,,,,,,,,,,,,,,,,,,,,,,,,,,,,,,,,,,,,,617,7,,,,,,,,,,
Comoros,COM,,,NAT_TOTAL,20201209,,,,,,,,,,,,,,,,,,,,,,,,,,,,,,,,,,,,,,,,,,,,617,7,,,,,,,,,,
Comoros,COM,,,NAT_TOTAL,20201210,,,,,,,,,,,,,,,,,,,,,,,,,,,,,,,,,,,,,,,,,,,,617,7,,,,,,,,,,
Comoros,COM,,,NAT_TOTAL,20201211,,,,,,,,,,,,,,,,,,,,,,,,,,,,,,,,,,,,,,,,,,,,617,7,,,,,,,,,,
Comoros,COM,,,NAT_TOTAL,20201212,,,,,,,,,,,,,,,,,,,,,,,,,,,,,,,,,,,,,,,,,,,,628,7,,,,,,,,,,
Comoros,COM,,,NAT_TOTAL,20201213,,,,,,,,,,,,,,,,,,,,,,,,,,,,,,,,,,,,,,,,,,,,628,7,,,,,,,,,,
Comoros,COM,,,NAT_TOTAL,20201214,,,,,,,,,,,,,,,,,,,,,,,,,,,,,,,,,,,,,,,,,,,,628,7,,,,,,,,,,
Comoros,COM,,,NAT_TOTAL,20201215,,,,,,,,,,,,,,,,,,,,,,,,,,,,,,,,,,,,,,,,,,,,633,7,,,,,,,,,,
Comoros,COM,,,NAT_TOTAL,20201216,,,,,,,,,,,,,,,,,,,,,,,,,,,,,,,,,,,,,,,,,,,,633,7,,,,,,,,,,
Comoros,COM,,,NAT_TOTAL,20201217,,,,,,,,,,,,,,,,,,,,,,,,,,,,,,,,,,,,,,,,,,,,643,7,,,,,,,,,,
Comoros,COM,,,NAT_TOTAL,20201218,,,,,,,,,,,,,,,,,,,,,,,,,,,,,,,,,,,,,,,,,,,,643,7,,,,,,,,,,
Comoros,COM,,,NAT_TOTAL,20201219,,,,,,,,,,,,,,,,,,,,,,,,,,,,,,,,,,,,,,,,,,,,643,7,,,,,,,,,,
Comoros,COM,,,NAT_TOTAL,20201220,,,,,,,,,,,,,,,,,,,,,,,,,,,,,,,,,,,,,,,,,,,,666,7,,,,,,,,,,
Comoros,COM,,,NAT_TOTAL,20201221,,,,,,,,,,,,,,,,,,,,,,,,,,,,,,,,,,,,,,,,,,,,666,7,,,,,,,,,,
Comoros,COM,,,NAT_TOTAL,20201222,,,,,,,,,,,,,,,,,,,,,,,,,,,,,,,,,,,,,,,,,,,,693,7,,,,,,,,,,
Comoros,COM,,,NAT_TOTAL,20201223,,,,,,,,,,,,,,,,,,,,,,,,,,,,,,,,,,,,,,,,,,,,693,7,,,,,,,,,,
Comoros,COM,,,NAT_TOTAL,20201224,,,,,,,,,,,,,,,,,,,,,,,,,,,,,,,,,,,,,,,,,,,,715,7,,,,,,,,,,
Comoros,COM,,,NAT_TOTAL,20201225,,,,,,,,,,,,,,,,,,,,,,,,,,,,,,,,,,,,,,,,,,,,715,7,,,,,,,,,,
Comoros,COM,,,NAT_TOTAL,20201226,,,,,,,,,,,,,,,,,,,,,,,,,,,,,,,,,,,,,,,,,,,,715,7,,,,,,,,,,
Comoros,COM,,,NAT_TOTAL,20201227,,,,,,,,,,,,,,,,,,,,,,,,,,,,,,,,,,,,,,,,,,,,715,7,,,,,,,,,,
Comoros,COM,,,NAT_TOTAL,20201228,,,,,,,,,,,,,,,,,,,,,,,,,,,,,,,,,,,,,,,,,,,,715,7,,,,,,,,,,
Comoros,COM,,,NAT_TOTAL,20201229,,,,,,,,,,,,,,,,,,,,,,,,,,,,,,,,,,,,,,,,,,,,765,9,,,,,,,,,,
Comoros,COM,,,NAT_TOTAL,20201230,,,,,,,,,,,,,,,,,,,,,,,,,,,,,,,,,,,,,,,,,,,,765,9,,,,,,,,,,
Comoros,COM,,,NAT_TOTAL,20201231,,,,,,,,,,,,,,,,,,,,,,,,,,,,,,,,,,,,,,,,,,,,823,10,,,,,,,,,,
Comoros,COM,,,NAT_TOTAL,20210101,,,,,,,,,,,,,,,,,,,,,,,,,,,,,,,,,,,,,,,,,,,,823,10,,,,,,,,,,
Comoros,COM,,,NAT_TOTAL,20210102,,,,,,,,,,,,,,,,,,,,,,,,,,,,,,,,,,,,,,,,,,,,864,13,,,,,,,,,,
Comoros,COM,,,NAT_TOTAL,20210103,,,,,,,,,,,,,,,,,,,,,,,,,,,,,,,,,,,,,,,,,,,,864,13,,,,,,,,,,
Comoros,COM,,,NAT_TOTAL,20210104,,,,,,,,,,,,,,,,,,,,,,,,,,,,,,,,,,,,,,,,,,,,864,13,,,,,,,,,,
Comoros,COM,,,NAT_TOTAL,20210105,,,,,,,,,,,,,,,,,,,,,,,,,,,,,,,,,,,,,,,,,,,,995,13,,,,,,,,,,
Comoros,COM,,,NAT_TOTAL,20210106,,,,,,,,,,,,,,,,,,,,,,,,,,,,,,,,,,,,,,,,,,,,995,13,,,,,,,,,,
Comoros,COM,,,NAT_TOTAL,20210107,,,,,,,,,,,,,,,,,,,,,,,,,,,,,,,,,,,,,,,,,,,,1050,16,,,,,,,,,,
Comoros,COM,,,NAT_TOTAL,20210108,,,,,,,,,,,,,,,,,,,,,,,,,,,,,,,,,,,,,,,,,,,,1050,16,,,,,,,,,,
Comoros,COM,,,NAT_TOTAL,20210109,,,,,,,,,,,,,,,,,,,,,,,,,,,,,,,,,,,,,,,,,,,,1150,18,,,,,,,,,,
Comoros,COM,,,NAT_TOTAL,20210110,,,,,,,,,,,,,,,,,,,,,,,,,,,,,,,,,,,,,,,,,,,,1150,18,,,,,,,,,,
Comoros,COM,,,NAT_TOTAL,20210111,,,,,,,,,,,,,,,,,,,,,,,,,,,,,,,,,,,,,,,,,,,,1160,18,,,,,,,,,,
Comoros,COM,,,NAT_TOTAL,20210112,,,,,,,,,,,,,,,,,,,,,,,,,,,,,,,,,,,,,,,,,,,,1166,30,,,,,,,,,,
Comoros,COM,,,NAT_TOTAL,20210113,,,,,,,,,,,,,,,,,,,,,,,,,,,,,,,,,,,,,,,,,,,,1169,33,,,,,,,,,,
Comoros,COM,,,NAT_TOTAL,20210114,,,,,,,,,,,,,,,,,,,,,,,,,,,,,,,,,,,,,,,,,,,,1403,38,,,,,,,,,,
Comoros,COM,,,NAT_TOTAL,20210115,,,,,,,,,,,,,,,,,,,,,,,,,,,,,,,,,,,,,,,,,,,,1469,38,,,,,,,,,,
Comoros,COM,,,NAT_TOTAL,20210116,,,,,,,,,,,,,,,,,,,,,,,,,,,,,,,,,,,,,,,,,,,,1577,41,,,,,,,,,,
Comoros,COM,,,NAT_TOTAL,20210117,,,,,,,,,,,,,,,,,,,,,,,,,,,,,,,,,,,,,,,,,,,,1592,45,,,,,,,,,,
Comoros,COM,,,NAT_TOTAL,20210118,,,,,,,,,,,,,,,,,,,,,,,,,,,,,,,,,,,,,,,,,,,,1769,49,,,,,,,,,,
Comoros,COM,,,NAT_TOTAL,20210119,,,,,,,,,,,,,,,,,,,,,,,,,,,,,,,,,,,,,,,,,,,,1864,51,,,,,,,,,,
Comoros,COM,,,NAT_TOTAL,20210120,,,,,,,,,,,,,,,,,,,,,,,,,,,,,,,,,,,,,,,,,,,,1933,54,,,,,,,,,,
Comoros,COM,,,NAT_TOTAL,20210121,,,,,,,,,,,,,,,,,,,,,,,,,,,,,,,,,,,,,,,,,,,,1935,55,,,,,,,,,,
Comoros,COM,,,NAT_TOTAL,20210122,,,,,,,,,,,,,,,,,,,,,,,,,,,,,,,,,,,,,,,,,,,,2160,63,,,,,,,,,,
Comoros,COM,,,NAT_TOTAL,20210123,,,,,,,,,,,,,,,,,,,,,,,,,,,,,,,,,,,,,,,,,,,,2260,70,,,,,,,,,,
Comoros,COM,,,NAT_TOTAL,20210124,,,,,,,,,,,,,,,,,,,,,,,,,,,,,,,,,,,,,,,,,,,,2268,71,,,,,,,,,,
Comoros,COM,,,NAT_TOTAL,20210125,,,,,,,,,,,,,,,,,,,,,,,,,,,,,,,,,,,,,,,,,,,,2350,76,,,,,,,,,,
Comoros,COM,,,NAT_TOTAL,20210126,,,,,,,,,,,,,,,,,,,,,,,,,,,,,,,,,,,,,,,,,,,,2425,77,,,,,,,,,,
Comoros,COM,,,NAT_TOTAL,20210127,,,,,,,,,,,,,,,,,,,,,,,,,,,,,,,,,,,,,,,,,,,,2492,81,,,,,,,,,,
Comoros,COM,,,NAT_TOTAL,20210128,,,,,,,,,,,,,,,,,,,,,,,,,,,,,,,,,,,,,,,,,,,,2598,85,,,,,,,,,,
Comoros,COM,,,NAT_TOTAL,20210129,,,,,,,,,,,,,,,,,,,,,,,,,,,,,,,,,,,,,,,,,,,,2646,89,,,,,,,,,,
Comoros,COM,,,NAT_TOTAL,20210130,,,,,,,,,,,,,,,,,,,,,,,,,,,,,,,,,,,,,,,,,,,,2718,90,,,,,,,,,,
Comoros,COM,,,NAT_TOTAL,20210131,,,,,,,,,,,,,,,,,,,,,,,,,,,,,,,,,,,,,,,,,,,,2726,93,,,,,,,,,,
Comoros,COM,,,NAT_TOTAL,20210201,,,,,,,,,,,,,,,,,,,,,,,,,,,,,,,,,,,,,,,,,,,,2811,98,,,,,,,,,,
Comoros,COM,,,NAT_TOTAL,20210202,,,,,,,,,,,,,,,,,,,,,,,,,,,,,,,,,,,,,,,,,,,,2848,100,,,,,,,,,,
Comoros,COM,,,NAT_TOTAL,20210203,,,,,,,,,,,,,,,,,,,,,,,,,,,,,,,,,,,,,,,,,,,,2892,104,,,,,,,,,,
Comoros,COM,,,NAT_TOTAL,20210204,,,,,,,,,,,,,,,,,,,,,,,,,,,,,,,,,,,,,,,,,,,,2975,105,,,,,,,,,,
Comoros,COM,,,NAT_TOTAL,20210205,,,,,,,,,,,,,,,,,,,,,,,,,,,,,,,,,,,,,,,,,,,,3001,105,,,,,,,,,,
Comoros,COM,,,NAT_TOTAL,20210206,,,,,,,,,,,,,,,,,,,,,,,,,,,,,,,,,,,,,,,,,,,,3086,108,,,,,,,,,,
Comoros,COM,,,NAT_TOTAL,20210207,,,,,,,,,,,,,,,,,,,,,,,,,,,,,,,,,,,,,,,,,,,,3086,108,,,,,,,,,,
Comoros,COM,,,NAT_TOTAL,20210208,,,,,,,,,,,,,,,,,,,,,,,,,,,,,,,,,,,,,,,,,,,,3088,112,,,,,,,,,,
Comoros,COM,,,NAT_TOTAL,20210209,,,,,,,,,,,,,,,,,,,,,,,,,,,,,,,,,,,,,,,,,,,,3179,118,,,,,,,,,,
Comoros,COM,,,NAT_TOTAL,20210210,,,,,,,,,,,,,,,,,,,,,,,,,,,,,,,,,,,,,,,,,,,,3209,120,,,,,,,,,,
Comoros,COM,,,NAT_TOTAL,20210211,,,,,,,,,,,,,,,,,,,,,,,,,,,,,,,,,,,,,,,,,,,,3276,122,,,,,,,,,,
Comoros,COM,,,NAT_TOTAL,20210212,,,,,,,,,,,,,,,,,,,,,,,,,,,,,,,,,,,,,,,,,,,,3290,125,,,,,,,,,,
Comoros,COM,,,NAT_TOTAL,20210213,,,,,,,,,,,,,,,,,,,,,,,,,,,,,,,,,,,,,,,,,,,,3332,128,,,,,,,,,,
Comoros,COM,,,NAT_TOTAL,20210214,,,,,,,,,,,,,,,,,,,,,,,,,,,,,,,,,,,,,,,,,,,,3334,129,,,,,,,,,,
Comoros,COM,,,NAT_TOTAL,20210215,,,,,,,,,,,,,,,,,,,,,,,,,,,,,,,,,,,,,,,,,,,,3358,132,,,,,,,,,,
Comoros,COM,,,NAT_TOTAL,20210216,,,,,,,,,,,,,,,,,,,,,,,,,,,,,,,,,,,,,,,,,,,,3393,133,,,,,,,,,,
Comoros,COM,,,NAT_TOTAL,20210217,,,,,,,,,,,,,,,,,,,,,,,,,,,,,,,,,,,,,,,,,,,,3413,135,,,,,,,,,,
Comoros,COM,,,NAT_TOTAL,20210218,,,,,,,,,,,,,,,,,,,,,,,,,,,,,,,,,,,,,,,,,,,,3458,138,,,,,,,,,,
Comoros,COM,,,NAT_TOTAL,20210219,,,,,,,,,,,,,,,,,,,,,,,,,,,,,,,,,,,,,,,,,,,,3473,142,,,,,,,,,,
Comoros,COM,,,NAT_TOTAL,20210220,,,,,,,,,,,,,,,,,,,,,,,,,,,,,,,,,,,,,,,,,,,,3490,143,,,,,,,,,,
Comoros,COM,,,NAT_TOTAL,20210221,,,,,,,,,,,,,,,,,,,,,,,,,,,,,,,,,,,,,,,,,,,,3502,143,,,,,,,,,,
Comoros,COM,,,NAT_TOTAL,20210222,,,,,,,,,,,,,,,,,,,,,,,,,,,,,,,,,,,,,,,,,,,,3518,144,,,,,,,,,,
Comoros,COM,,,NAT_TOTAL,20210223,,,,,,,,,,,,,,,,,,,,,,,,,,,,,,,,,,,,,,,,,,,,3522,144,,,,,,,,,,
Comoros,COM,,,NAT_TOTAL,20210224,,,,,,,,,,,,,,,,,,,,,,,,,,,,,,,,,,,,,,,,,,,,3539,144,,,,,,,,,,
Comoros,COM,,,NAT_TOTAL,20210225,,,,,,,,,,,,,,,,,,,,,,,,,,,,,,,,,,,,,,,,,,,,3552,144,,,,,,,,,,
Comoros,COM,,,NAT_TOTAL,20210226,,,,,,,,,,,,,,,,,,,,,,,,,,,,,,,,,,,,,,,,,,,,3558,144,,,,,,,,,,
Comoros,COM,,,NAT_TOTAL,20210227,,,,,,,,,,,,,,,,,,,,,,,,,,,,,,,,,,,,,,,,,,,,3571,144,,,,,,,,,,
Comoros,COM,,,NAT_TOTAL,20210228,,,,,,,,,,,,,,,,,,,,,,,,,,,,,,,,,,,,,,,,,,,,3571,144,,,,,,,,,,
Comoros,COM,,,NAT_TOTAL,20210301,,,,,,,,,,,,,,,,,,,,,,,,,,,,,,,,,,,,,,,,,,,,3578,144,,,,,,,,,,
Comoros,COM,,,NAT_TOTAL,20210302,,,,,,,,,,,,,,,,,,,,,,,,,,,,,,,,,,,,,,,,,,,,3578,144,,,,,,,,,,
Comoros,COM,,,NAT_TOTAL,20210303,,,,,,,,,,,,,,,,,,,,,,,,,,,,,,,,,,,,,,,,,,,,3580,144,,,,,,,,,,
Comoros,COM,,,NAT_TOTAL,20210304,,,,,,,,,,,,,,,,,,,,,,,,,,,,,,,,,,,,,,,,,,,,3580,144,,,,,,,,,,
Comoros,COM,,,NAT_TOTAL,20210305,,,,,,,,,,,,,,,,,,,,,,,,,,,,,,,,,,,,,,,,,,,,3587,145,,,,,,,,,,
Comoros,COM,,,NAT_TOTAL,20210306,,,,,,,,,,,,,,,,,,,,,,,,,,,,,,,,,,,,,,,,,,,,3596,146,,,,,,,,,,
Comoros,COM,,,NAT_TOTAL,20210307,,,,,,,,,,,,,,,,,,,,,,,,,,,,,,,,,,,,,,,,,,,,3596,146,,,,,,,,,,
Comoros,COM,,,NAT_TOTAL,20210308,,,,,,,,,,,,,,,,,,,,,,,,,,,,,,,,,,,,,,,,,,,,3606,146,,,,,,,,,,
Comoros,COM,,,NAT_TOTAL,20210309,,,,,,,,,,,,,,,,,,,,,,,,,,,,,,,,,,,,,,,,,,,,3606,146,,,,,,,,,,
Comoros,COM,,,NAT_TOTAL,20210310,,,,,,,,,,,,,,,,,,,,,,,,,,,,,,,,,,,,,,,,,,,,3611,146,,,,,,,,,,
Comoros,COM,,,NAT_TOTAL,20210311,,,,,,,,,,,,,,,,,,,,,,,,,,,,,,,,,,,,,,,,,,,,3615,146,,,,,,,,,,
Comoros,COM,,,NAT_TOTAL,20210312,,,,,,,,,,,,,,,,,,,,,,,,,,,,,,,,,,,,,,,,,,,,3618,146,,,,,,,,,,
Comoros,COM,,,NAT_TOTAL,20210313,,,,,,,,,,,,,,,,,,,,,,,,,,,,,,,,,,,,,,,,,,,,3626,146,,,,,,,,,,
Comoros,COM,,,NAT_TOTAL,20210314,,,,,,,,,,,,,,,,,,,,,,,,,,,,,,,,,,,,,,,,,,,,3635,146,,,,,,,,,,
Comoros,COM,,,NAT_TOTAL,20210315,,,,,,,,,,,,,,,,,,,,,,,,,,,,,,,,,,,,,,,,,,,,3646,146,,,,,,,,,,
Comoros,COM,,,NAT_TOTAL,20210316,,,,,,,,,,,,,,,,,,,,,,,,,,,,,,,,,,,,,,,,,,,,3647,146,,,,,,,,,,
Comoros,COM,,,NAT_TOTAL,20210317,,,,,,,,,,,,,,,,,,,,,,,,,,,,,,,,,,,,,,,,,,,,3652,146,,,,,,,,,,
Comoros,COM,,,NAT_TOTAL,20210318,,,,,,,,,,,,,,,,,,,,,,,,,,,,,,,,,,,,,,,,,,,,3657,146,,,,,,,,,,
Comoros,COM,,,NAT_TOTAL,20210319,,,,,,,,,,,,,,,,,,,,,,,,,,,,,,,,,,,,,,,,,,,,3665,146,,,,,,,,,,
Comoros,COM,,,NAT_TOTAL,20210320,,,,,,,,,,,,,,,,,,,,,,,,,,,,,,,,,,,,,,,,,,,,3666,146,,,,,,,,,,
Comoros,COM,,,NAT_TOTAL,20210321,,,,,,,,,,,,,,,,,,,,,,,,,,,,,,,,,,,,,,,,,,,,3666,146,,,,,,,,,,
Comoros,COM,,,NAT_TOTAL,20210322,,,,,,,,,,,,,,,,,,,,,,,,,,,,,,,,,,,,,,,,,,,,3666,146,,,,,,,,,,
Comoros,COM,,,NAT_TOTAL,20210323,,,,,,,,,,,,,,,,,,,,,,,,,,,,,,,,,,,,,,,,,,,,3681,146,,,,,,,,,,
Comoros,COM,,,NAT_TOTAL,20210324,,,,,,,,,,,,,,,,,,,,,,,,,,,,,,,,,,,,,,,,,,,,3682,146,,,,,,,,,,
Comoros,COM,,,NAT_TOTAL,20210325,,,,,,,,,,,,,,,,,,,,,,,,,,,,,,,,,,,,,,,,,,,,3687,146,,,,,,,,,,
Comoros,COM,,,NAT_TOTAL,20210326,,,,,,,,,,,,,,,,,,,,,,,,,,,,,,,,,,,,,,,,,,,,3689,146,,,,,,,,,,
Comoros,COM,,,NAT_TOTAL,20210327,,,,,,,,,,,,,,,,,,,,,,,,,,,,,,,,,,,,,,,,,,,,3690,146,,,,,,,,,,
Comoros,COM,,,NAT_TOTAL,20210328,,,,,,,,,,,,,,,,,,,,,,,,,,,,,,,,,,,,,,,,,,,,3690,146,,,,,,,,,,
Comoros,COM,,,NAT_TOTAL,20210329,,,,,,,,,,,,,,,,,,,,,,,,,,,,,,,,,,,,,,,,,,,,3696,146,,,,,,,,,,
Comoros,COM,,,NAT_TOTAL,20210330,,,,,,,,,,,,,,,,,,,,,,,,,,,,,,,,,,,,,,,,,,,,3696,146,,,,,,,,,,
Comoros,COM,,,NAT_TOTAL,20210331,,,,,,,,,,,,,,,,,,,,,,,,,,,,,,,,,,,,,,,,,,,,3696,146,,,,,,,,,,
Comoros,COM,,,NAT_TOTAL,20210401,,,,,,,,,,,,,,,,,,,,,,,,,,,,,,,,,,,,,,,,,,,,3704,146,,,,,,,,,,
Comoros,COM,,,NAT_TOTAL,20210402,,,,,,,,,,,,,,,,,,,,,,,,,,,,,,,,,,,,,,,,,,,,3712,146,,,,,,,,,,
Comoros,COM,,,NAT_TOTAL,20210403,,,,,,,,,,,,,,,,,,,,,,,,,,,,,,,,,,,,,,,,,,,,3712,146,,,,,,,,,,
Comoros,COM,,,NAT_TOTAL,20210404,,,,,,,,,,,,,,,,,,,,,,,,,,,,,,,,,,,,,,,,,,,,3719,146,,,,,,,,,,
Comoros,COM,,,NAT_TOTAL,20210405,,,,,,,,,,,,,,,,,,,,,,,,,,,,,,,,,,,,,,,,,,,,3725,146,,,,,,,,,,
Comoros,COM,,,NAT_TOTAL,20210406,,,,,,,,,,,,,,,,,,,,,,,,,,,,,,,,,,,,,,,,,,,,3738,146,,,,,,,,,,
Comoros,COM,,,NAT_TOTAL,20210407,,,,,,,,,,,,,,,,,,,,,,,,,,,,,,,,,,,,,,,,,,,,3758,146,,,,,,,,,,
Comoros,COM,,,NAT_TOTAL,20210408,,,,,,,,,,,,,,,,,,,,,,,,,,,,,,,,,,,,,,,,,,,,3758,146,,,,,,,,,,
Comoros,COM,,,NAT_TOTAL,20210409,,,,,,,,,,,,,,,,,,,,,,,,,,,,,,,,,,,,,,,,,,,,3758,146,,,,,,,,,,
Comoros,COM,,,NAT_TOTAL,20210410,,,,,,,,,,,,,,,,,,,,,,,,,,,,,,,,,,,,,,,,,,,,3789,146,,,,,,,,,,
Comoros,COM,,,NAT_TOTAL,20210411,,,,,,,,,,,,,,,,,,,,,,,,,,,,,,,,,,,,,,,,,,,,3789,146,,,,,,,,,,
Comoros,COM,,,NAT_TOTAL,20210412,,,,,,,,,,,,,,,,,,,,,,,,,,,,,,,,,,,,,,,,,,,,3789,146,,,,,,,,,,
Comoros,COM,,,NAT_TOTAL,20210413,,,,,,,,,,,,,,,,,,,,,,,,,,,,,,,,,,,,,,,,,,,,3796,146,,,,,,,,,,
Comoros,COM,,,NAT_TOTAL,20210414,,,,,,,,,,,,,,,,,,,,,,,,,,,,,,,,,,,,,,,,,,,,3803,146,,,,,,,,,,
Comoros,COM,,,NAT_TOTAL,20210415,,,,,,,,,,,,,,,,,,,,,,,,,,,,,,,,,,,,,,,,,,,,3809,146,,,,,,,,,,
Comoros,COM,,,NAT_TOTAL,20210416,,,,,,,,,,,,,,,,,,,,,,,,,,,,,,,,,,,,,,,,,,,,3815,146,,,,,,,,,,
Comoros,COM,,,NAT_TOTAL,20210417,,,,,,,,,,,,,,,,,,,,,,,,,,,,,,,,,,,,,,,,,,,,3815,146,,,,,,,,,,
Comoros,COM,,,NAT_TOTAL,20210418,,,,,,,,,,,,,,,,,,,,,,,,,,,,,,,,,,,,,,,,,,,,3819,146,,,,,,,,,,
Comoros,COM,,,NAT_TOTAL,20210419,,,,,,,,,,,,,,,,,,,,,,,,,,,,,,,,,,,,,,,,,,,,3819,146,,,,,,,,,,
Comoros,COM,,,NAT_TOTAL,20210420,,,,,,,,,,,,,,,,,,,,,,,,,,,,,,,,,,,,,,,,,,,,3820,146,,,,,,,,,,
Comoros,COM,,,NAT_TOTAL,20210421,,,,,,,,,,,,,,,,,,,,,,,,,,,,,,,,,,,,,,,,,,,,3822,146,,,,,,,,,,
Comoros,COM,,,NAT_TOTAL,20210422,,,,,,,,,,,,,,,,,,,,,,,,,,,,,,,,,,,,,,,,,,,,3824,146,,,,,,,,,,
Comoros,COM,,,NAT_TOTAL,20210423,,,,,,,,,,,,,,,,,,,,,,,,,,,,,,,,,,,,,,,,,,,,3826,146,,,,,,,,,,
Comoros,COM,,,NAT_TOTAL,20210424,,,,,,,,,,,,,,,,,,,,,,,,,,,,,,,,,,,,,,,,,,,,3829,146,,,,,,,,,,
Comoros,COM,,,NAT_TOTAL,20210425,,,,,,,,,,,,,,,,,,,,,,,,,,,,,,,,,,,,,,,,,,,,3829,146,,,,,,,,,,
Comoros,COM,,,NAT_TOTAL,20210426,,,,,,,,,,,,,,,,,,,,,,,,,,,,,,,,,,,,,,,,,,,,3829,146,,,,,,,,,,
Comoros,COM,,,NAT_TOTAL,20210427,,,,,,,,,,,,,,,,,,,,,,,,,,,,,,,,,,,,,,,,,,,,3829,146,,,,,,,,,,
Comoros,COM,,,NAT_TOTAL,20210428,,,,,,,,,,,,,,,,,,,,,,,,,,,,,,,,,,,,,,,,,,,,3833,146,,,,,,,,,,
Comoros,COM,,,NAT_TOTAL,20210429,,,,,,,,,,,,,,,,,,,,,,,,,,,,,,,,,,,,,,,,,,,,3834,146,,,,,,,,,,
Comoros,COM,,,NAT_TOTAL,20210430,,,,,,,,,,,,,,,,,,,,,,,,,,,,,,,,,,,,,,,,,,,,3834,146,,,,,,,,,,
Comoros,COM,,,NAT_TOTAL,20210501,,,,,,,,,,,,,,,,,,,,,,,,,,,,,,,,,,,,,,,,,,,,3838,146,,,,,,,,,,
Comoros,COM,,,NAT_TOTAL,20210502,,,,,,,,,,,,,,,,,,,,,,,,,,,,,,,,,,,,,,,,,,,,3839,146,,,,,,,,,,
Comoros,COM,,,NAT_TOTAL,20210503,,,,,,,,,,,,,,,,,,,,,,,,,,,,,,,,,,,,,,,,,,,,3845,146,,,,,,,,,,
Comoros,COM,,,NAT_TOTAL,20210504,,,,,,,,,,,,,,,,,,,,,,,,,,,,,,,,,,,,,,,,,,,,3846,146,,,,,,,,,,
Comoros,COM,,,NAT_TOTAL,20210505,,,,,,,,,,,,,,,,,,,,,,,,,,,,,,,,,,,,,,,,,,,,3847,146,,,,,,,,,,
Comoros,COM,,,NAT_TOTAL,20210506,,,,,,,,,,,,,,,,,,,,,,,,,,,,,,,,,,,,,,,,,,,,3847,146,,,,,,,,,,
Comoros,COM,,,NAT_TOTAL,20210507,,,,,,,,,,,,,,,,,,,,,,,,,,,,,,,,,,,,,,,,,,,,3854,146,,,,,,,,,,
Comoros,COM,,,NAT_TOTAL,20210508,,,,,,,,,,,,,,,,,,,,,,,,,,,,,,,,,,,,,,,,,,,,3854,146,,,,,,,,,,
Comoros,COM,,,NAT_TOTAL,20210509,,,,,,,,,,,,,,,,,,,,,,,,,,,,,,,,,,,,,,,,,,,,3854,146,,,,,,,,,,
Comoros,COM,,,NAT_TOTAL,20210510,,,,,,,,,,,,,,,,,,,,,,,,,,,,,,,,,,,,,,,,,,,,3860,146,,,,,,,,,,
Comoros,COM,,,NAT_TOTAL,20210511,,,,,,,,,,,,,,,,,,,,,,,,,,,,,,,,,,,,,,,,,,,,3860,146,,,,,,,,,,
Comoros,COM,,,NAT_TOTAL,20210512,,,,,,,,,,,,,,,,,,,,,,,,,,,,,,,,,,,,,,,,,,,,3860,146,,,,,,,,,,
Comoros,COM,,,NAT_TOTAL,20210513,,,,,,,,,,,,,,,,,,,,,,,,,,,,,,,,,,,,,,,,,,,,3860,146,,,,,,,,,,
Comoros,COM,,,NAT_TOTAL,20210514,,,,,,,,,,,,,,,,,,,,,,,,,,,,,,,,,,,,,,,,,,,,3860,146,,,,,,,,,,
Comoros,COM,,,NAT_TOTAL,20210515,,,,,,,,,,,,,,,,,,,,,,,,,,,,,,,,,,,,,,,,,,,,3863,146,,,,,,,,,,
Comoros,COM,,,NAT_TOTAL,20210516,,,,,,,,,,,,,,,,,,,,,,,,,,,,,,,,,,,,,,,,,,,,3863,146,,,,,,,,,,
Comoros,COM,,,NAT_TOTAL,20210517,,,,,,,,,,,,,,,,,,,,,,,,,,,,,,,,,,,,,,,,,,,,3863,146,,,,,,,,,,
Comoros,COM,,,NAT_TOTAL,20210518,,,,,,,,,,,,,,,,,,,,,,,,,,,,,,,,,,,,,,,,,,,,3864,146,,,,,,,,,,
Comoros,COM,,,NAT_TOTAL,20210519,,,,,,,,,,,,,,,,,,,,,,,,,,,,,,,,,,,,,,,,,,,,3864,146,,,,,,,,,,
Comoros,COM,,,NAT_TOTAL,20210520,,,,,,,,,,,,,,,,,,,,,,,,,,,,,,,,,,,,,,,,,,,,3864,146,,,,,,,,,,
Comoros,COM,,,NAT_TOTAL,20210521,,,,,,,,,,,,,,,,,,,,,,,,,,,,,,,,,,,,,,,,,,,,3868,146,,,,,,,,,,
Comoros,COM,,,NAT_TOTAL,20210522,,,,,,,,,,,,,,,,,,,,,,,,,,,,,,,,,,,,,,,,,,,,3870,146,,,,,,,,,,
Comoros,COM,,,NAT_TOTAL,20210523,,,,,,,,,,,,,,,,,,,,,,,,,,,,,,,,,,,,,,,,,,,,3872,146,,,,,,,,,,
Comoros,COM,,,NAT_TOTAL,20210524,,,,,,,,,,,,,,,,,,,,,,,,,,,,,,,,,,,,,,,,,,,,3872,146,,,,,,,,,,
Comoros,COM,,,NAT_TOTAL,20210525,,,,,,,,,,,,,,,,,,,,,,,,,,,,,,,,,,,,,,,,,,,,3875,146,,,,,,,,,,
Comoros,COM,,,NAT_TOTAL,20210526,,,,,,,,,,,,,,,,,,,,,,,,,,,,,,,,,,,,,,,,,,,,3879,146,,,,,,,,,,
Comoros,COM,,,NAT_TOTAL,20210527,,,,,,,,,,,,,,,,,,,,,,,,,,,,,,,,,,,,,,,,,,,,3879,146,,,,,,,,,,
Comoros,COM,,,NAT_TOTAL,20210528,,,,,,,,,,,,,,,,,,,,,,,,,,,,,,,,,,,,,,,,,,,,3879,146,,,,,,,,,,
Comoros,COM,,,NAT_TOTAL,20210529,,,,,,,,,,,,,,,,,,,,,,,,,,,,,,,,,,,,,,,,,,,,3881,146,,,,,,,,,,
Comoros,COM,,,NAT_TOTAL,20210530,,,,,,,,,,,,,,,,,,,,,,,,,,,,,,,,,,,,,,,,,,,,3881,146,,,,,,,,,,
Comoros,COM,,,NAT_TOTAL,20210531,,,,,,,,,,,,,,,,,,,,,,,,,,,,,,,,,,,,,,,,,,,,3881,146,,,,,,,,,,
Comoros,COM,,,NAT_TOTAL,20210601,,,,,,,,,,,,,,,,,,,,,,,,,,,,,,,,,,,,,,,,,,,,3881,146,,,,,,,,,,
Comoros,COM,,,NAT_TOTAL,20210602,,,,,,,,,,,,,,,,,,,,,,,,,,,,,,,,,,,,,,,,,,,,3882,146,,,,,,,,,,
Comoros,COM,,,NAT_TOTAL,20210603,,,,,,,,,,,,,,,,,,,,,,,,,,,,,,,,,,,,,,,,,,,,3882,146,,,,,,,,,,
Comoros,COM,,,NAT_TOTAL,20210604,,,,,,,,,,,,,,,,,,,,,,,,,,,,,,,,,,,,,,,,,,,,3886,146,,,,,,,,,,
Comoros,COM,,,NAT_TOTAL,20210605,,,,,,,,,,,,,,,,,,,,,,,,,,,,,,,,,,,,,,,,,,,,3886,146,,,,,,,,,,
Comoros,COM,,,NAT_TOTAL,20210606,,,,,,,,,,,,,,,,,,,,,,,,,,,,,,,,,,,,,,,,,,,,3888,146,,,,,,,,,,
Comoros,COM,,,NAT_TOTAL,20210607,,,,,,,,,,,,,,,,,,,,,,,,,,,,,,,,,,,,,,,,,,,,3890,146,,,,,,,,,,
Comoros,COM,,,NAT_TOTAL,20210608,,,,,,,,,,,,,,,,,,,,,,,,,,,,,,,,,,,,,,,,,,,,3890,146,,,,,,,,,,
Comoros,COM,,,NAT_TOTAL,20210609,,,,,,,,,,,,,,,,,,,,,,,,,,,,,,,,,,,,,,,,,,,,3890,146,,,,,,,,,,
Comoros,COM,,,NAT_TOTAL,20210610,,,,,,,,,,,,,,,,,,,,,,,,,,,,,,,,,,,,,,,,,,,,3894,146,,,,,,,,,,
Comoros,COM,,,NAT_TOTAL,20210611,,,,,,,,,,,,,,,,,,,,,,,,,,,,,,,,,,,,,,,,,,,,3894,146,,,,,,,,,,
Comoros,COM,,,NAT_TOTAL,20210612,,,,,,,,,,,,,,,,,,,,,,,,,,,,,,,,,,,,,,,,,,,,3899,146,,,,,,,,,,
Comoros,COM,,,NAT_TOTAL,20210613,,,,,,,,,,,,,,,,,,,,,,,,,,,,,,,,,,,,,,,,,,,,3899,146,,,,,,,,,,
Comoros,COM,,,NAT_TOTAL,20210614,,,,,,,,,,,,,,,,,,,,,,,,,,,,,,,,,,,,,,,,,,,,3901,146,,,,,,,,,,
Comoros,COM,,,NAT_TOTAL,20210615,,,,,,,,,,,,,,,,,,,,,,,,,,,,,,,,,,,,,,,,,,,,3901,146,,,,,,,,,,
Comoros,COM,,,NAT_TOTAL,20210616,,,,,,,,,,,,,,,,,,,,,,,,,,,,,,,,,,,,,,,,,,,,3905,146,,,,,,,,,,
Comoros,COM,,,NAT_TOTAL,20210617,,,,,,,,,,,,,,,,,,,,,,,,,,,,,,,,,,,,,,,,,,,,3905,146,,,,,,,,,,
Comoros,COM,,,NAT_TOTAL,20210618,,,,,,,,,,,,,,,,,,,,,,,,,,,,,,,,,,,,,,,,,,,,3905,146,,,,,,,,,,
Comoros,COM,,,NAT_TOTAL,20210619,,,,,,,,,,,,,,,,,,,,,,,,,,,,,,,,,,,,,,,,,,,,3908,146,,,,,,,,,,
Comoros,COM,,,NAT_TOTAL,20210620,,,,,,,,,,,,,,,,,,,,,,,,,,,,,,,,,,,,,,,,,,,,3908,146,,,,,,,,,,
Comoros,COM,,,NAT_TOTAL,20210621,,,,,,,,,,,,,,,,,,,,,,,,,,,,,,,,,,,,,,,,,,,,3912,146,,,,,,,,,,
Comoros,COM,,,NAT_TOTAL,20210622,,,,,,,,,,,,,,,,,,,,,,,,,,,,,,,,,,,,,,,,,,,,3912,146,,,,,,,,,,
Comoros,COM,,,NAT_TOTAL,20210623,,,,,,,,,,,,,,,,,,,,,,,,,,,,,,,,,,,,,,,,,,,,3912,146,,,,,,,,,,
Comoros,COM,,,NAT_TOTAL,20210624,,,,,,,,,,,,,,,,,,,,,,,,,,,,,,,,,,,,,,,,,,,,3912,146,,,,,,,,,,
Comoros,COM,,,NAT_TOTAL,20210625,,,,,,,,,,,,,,,,,,,,,,,,,,,,,,,,,,,,,,,,,,,,3912,146,,,,,,,,,,
Comoros,COM,,,NAT_TOTAL,20210626,,,,,,,,,,,,,,,,,,,,,,,,,,,,,,,,,,,,,,,,,,,,3912,146,,,,,,,,,,
Comoros,COM,,,NAT_TOTAL,20210627,,,,,,,,,,,,,,,,,,,,,,,,,,,,,,,,,,,,,,,,,,,,3912,146,,,,,,,,,,
Comoros,COM,,,NAT_TOTAL,20210628,,,,,,,,,,,,,,,,,,,,,,,,,,,,,,,,,,,,,,,,,,,,3912,146,,,,,,,,,,
Comoros,COM,,,NAT_TOTAL,20210629,,,,,,,,,,,,,,,,,,,,,,,,,,,,,,,,,,,,,,,,,,,,3912,146,,,,,,,,,,
Comoros,COM,,,NAT_TOTAL,20210630,,,,,,,,,,,,,,,,,,,,,,,,,,,,,,,,,,,,,,,,,,,,3936,146,,,,,,,,,,
Comoros,COM,,,NAT_TOTAL,20210701,,,,,,,,,,,,,,,,,,,,,,,,,,,,,,,,,,,,,,,,,,,,3943,146,,,,,,,,,,
Comoros,COM,,,NAT_TOTAL,20210702,,,,,,,,,,,,,,,,,,,,,,,,,,,,,,,,,,,,,,,,,,,,3957,146,,,,,,,,,,
Comoros,COM,,,NAT_TOTAL,20210703,,,,,,,,,,,,,,,,,,,,,,,,,,,,,,,,,,,,,,,,,,,,3957,146,,,,,,,,,,
Comoros,COM,,,NAT_TOTAL,20210704,,,,,,,,,,,,,,,,,,,,,,,,,,,,,,,,,,,,,,,,,,,,3958,146,,,,,,,,,,
Comoros,COM,,,NAT_TOTAL,20210705,,,,,,,,,,,,,,,,,,,,,,,,,,,,,,,,,,,,,,,,,,,,3958,146,,,,,,,,,,
Comoros,COM,,,NAT_TOTAL,20210706,,,,,,,,,,,,,,,,,,,,,,,,,,,,,,,,,,,,,,,,,,,,3958,146,,,,,,,,,,
Comoros,COM,,,NAT_TOTAL,20210707,,,,,,,,,,,,,,,,,,,,,,,,,,,,,,,,,,,,,,,,,,,,3966,146,,,,,,,,,,
Comoros,COM,,,NAT_TOTAL,20210708,,,,,,,,,,,,,,,,,,,,,,,,,,,,,,,,,,,,,,,,,,,,3976,146,,,,,,,,,,
Comoros,COM,,,NAT_TOTAL,20210709,,,,,,,,,,,,,,,,,,,,,,,,,,,,,,,,,,,,,,,,,,,,3979,146,,,,,,,,,,
Comoros,COM,,,NAT_TOTAL,20210710,,,,,,,,,,,,,,,,,,,,,,,,,,,,,,,,,,,,,,,,,,,,3983,146,,,,,,,,,,
Comoros,COM,,,NAT_TOTAL,20210711,,,,,,,,,,,,,,,,,,,,,,,,,,,,,,,,,,,,,,,,,,,,3996,146,,,,,,,,,,
Comoros,COM,,,NAT_TOTAL,20210712,,,,,,,,,,,,,,,,,,,,,,,,,,,,,,,,,,,,,,,,,,,,3996,146,,,,,,,,,,
Comoros,COM,,,NAT_TOTAL,20210713,,,,,,,,,,,,,,,,,,,,,,,,,,,,,,,,,,,,,,,,,,,,3996,146,,,,,,,,,,
Comoros,COM,,,NAT_TOTAL,20210714,,,,,,,,,,,,,,,,,,,,,,,,,,,,,,,,,,,,,,,,,,,,3996,146,,,,,,,,,,
Comoros,COM,,,NAT_TOTAL,20210715,,,,,,,,,,,,,,,,,,,,,,,,,,,,,,,,,,,,,,,,,,,,4002,146,,,,,,,,,,
Comoros,COM,,,NAT_TOTAL,20210716,,,,,,,,,,,,,,,,,,,,,,,,,,,,,,,,,,,,,,,,,,,,4009,147,,,,,,,,,,
Comoros,COM,,,NAT_TOTAL,20210717,,,,,,,,,,,,,,,,,,,,,,,,,,,,,,,,,,,,,,,,,,,,4009,147,,,,,,,,,,
Comoros,COM,,,NAT_TOTAL,20210718,,,,,,,,,,,,,,,,,,,,,,,,,,,,,,,,,,,,,,,,,,,,4011,147,,,,,,,,,,
Comoros,COM,,,NAT_TOTAL,20210719,,,,,,,,,,,,,,,,,,,,,,,,,,,,,,,,,,,,,,,,,,,,4011,147,,,,,,,,,,
Comoros,COM,,,NAT_TOTAL,20210720,,,,,,,,,,,,,,,,,,,,,,,,,,,,,,,,,,,,,,,,,,,,4011,147,,,,,,,,,,
Comoros,COM,,,NAT_TOTAL,20210721,,,,,,,,,,,,,,,,,,,,,,,,,,,,,,,,,,,,,,,,,,,,4011,147,,,,,,,,,,
Comoros,COM,,,NAT_TOTAL,20210722,,,,,,,,,,,,,,,,,,,,,,,,,,,,,,,,,,,,,,,,,,,,4014,147,,,,,,,,,,
Comoros,COM,,,NAT_TOTAL,20210723,,,,,,,,,,,,,,,,,,,,,,,,,,,,,,,,,,,,,,,,,,,,4014,147,,,,,,,,,,
Comoros,COM,,,NAT_TOTAL,20210724,,,,,,,,,,,,,,,,,,,,,,,,,,,,,,,,,,,,,,,,,,,,4014,147,,,,,,,,,,
Comoros,COM,,,NAT_TOTAL,20210725,,,,,,,,,,,,,,,,,,,,,,,,,,,,,,,,,,,,,,,,,,,,4021,147,,,,,,,,,,
Comoros,COM,,,NAT_TOTAL,20210726,,,,,,,,,,,,,,,,,,,,,,,,,,,,,,,,,,,,,,,,,,,,4024,147,,,,,,,,,,
Comoros,COM,,,NAT_TOTAL,20210727,,,,,,,,,,,,,,,,,,,,,,,,,,,,,,,,,,,,,,,,,,,,4024,147,,,,,,,,,,
Comoros,COM,,,NAT_TOTAL,20210728,,,,,,,,,,,,,,,,,,,,,,,,,,,,,,,,,,,,,,,,,,,,4024,147,,,,,,,,,,
Comoros,COM,,,NAT_TOTAL,20210729,,,,,,,,,,,,,,,,,,,,,,,,,,,,,,,,,,,,,,,,,,,,4025,147,,,,,,,,,,
Comoros,COM,,,NAT_TOTAL,20210730,,,,,,,,,,,,,,,,,,,,,,,,,,,,,,,,,,,,,,,,,,,,4026,147,,,,,,,,,,
Comoros,COM,,,NAT_TOTAL,20210731,,,,,,,,,,,,,,,,,,,,,,,,,,,,,,,,,,,,,,,,,,,,4028,147,,,,,,,,,,
Comoros,COM,,,NAT_TOTAL,20210801,,,,,,,,,,,,,,,,,,,,,,,,,,,,,,,,,,,,,,,,,,,,4028,147,,,,,,,,,,
Comoros,COM,,,NAT_TOTAL,20210802,,,,,,,,,,,,,,,,,,,,,,,,,,,,,,,,,,,,,,,,,,,,4028,147,,,,,,,,,,
Comoros,COM,,,NAT_TOTAL,20210803,,,,,,,,,,,,,,,,,,,,,,,,,,,,,,,,,,,,,,,,,,,,4028,147,,,,,,,,,,
Comoros,COM,,,NAT_TOTAL,20210804,,,,,,,,,,,,,,,,,,,,,,,,,,,,,,,,,,,,,,,,,,,,4029,147,,,,,,,,,,
Comoros,COM,,,NAT_TOTAL,20210805,,,,,,,,,,,,,,,,,,,,,,,,,,,,,,,,,,,,,,,,,,,,4030,147,,,,,,,,,,
Comoros,COM,,,NAT_TOTAL,20210806,,,,,,,,,,,,,,,,,,,,,,,,,,,,,,,,,,,,,,,,,,,,4030,147,,,,,,,,,,
Comoros,COM,,,NAT_TOTAL,20210807,,,,,,,,,,,,,,,,,,,,,,,,,,,,,,,,,,,,,,,,,,,,4031,147,,,,,,,,,,
Comoros,COM,,,NAT_TOTAL,20210808,,,,,,,,,,,,,,,,,,,,,,,,,,,,,,,,,,,,,,,,,,,,4031,147,,,,,,,,,,
Comoros,COM,,,NAT_TOTAL,20210809,,,,,,,,,,,,,,,,,,,,,,,,,,,,,,,,,,,,,,,,,,,,4031,147,,,,,,,,,,
Comoros,COM,,,NAT_TOTAL,20210810,,,,,,,,,,,,,,,,,,,,,,,,,,,,,,,,,,,,,,,,,,,,4031,147,,,,,,,,,,
Comoros,COM,,,NAT_TOTAL,20210811,,,,,,,,,,,,,,,,,,,,,,,,,,,,,,,,,,,,,,,,,,,,4031,147,,,,,,,,,,
Comoros,COM,,,NAT_TOTAL,20210812,,,,,,,,,,,,,,,,,,,,,,,,,,,,,,,,,,,,,,,,,,,,4035,147,,,,,,,,,,
Comoros,COM,,,NAT_TOTAL,20210813,,,,,,,,,,,,,,,,,,,,,,,,,,,,,,,,,,,,,,,,,,,,4035,147,,,,,,,,,,
Comoros,COM,,,NAT_TOTAL,20210814,,,,,,,,,,,,,,,,,,,,,,,,,,,,,,,,,,,,,,,,,,,,4038,147,,,,,,,,,,
Comoros,COM,,,NAT_TOTAL,20210815,,,,,,,,,,,,,,,,,,,,,,,,,,,,,,,,,,,,,,,,,,,,4038,147,,,,,,,,,,
Comoros,COM,,,NAT_TOTAL,20210816,,,,,,,,,,,,,,,,,,,,,,,,,,,,,,,,,,,,,,,,,,,,4038,147,,,,,,,,,,
Comoros,COM,,,NAT_TOTAL,20210817,,,,,,,,,,,,,,,,,,,,,,,,,,,,,,,,,,,,,,,,,,,,4039,147,,,,,,,,,,
Comoros,COM,,,NAT_TOTAL,20210818,,,,,,,,,,,,,,,,,,,,,,,,,,,,,,,,,,,,,,,,,,,,4039,147,,,,,,,,,,
Comoros,COM,,,NAT_TOTAL,20210819,,,,,,,,,,,,,,,,,,,,,,,,,,,,,,,,,,,,,,,,,,,,4044,147,,,,,,,,,,
Comoros,COM,,,NAT_TOTAL,20210820,,,,,,,,,,,,,,,,,,,,,,,,,,,,,,,,,,,,,,,,,,,,4044,147,,,,,,,,,,
Comoros,COM,,,NAT_TOTAL,20210821,,,,,,,,,,,,,,,,,,,,,,,,,,,,,,,,,,,,,,,,,,,,4044,147,,,,,,,,,,
Comoros,COM,,,NAT_TOTAL,20210822,,,,,,,,,,,,,,,,,,,,,,,,,,,,,,,,,,,,,,,,,,,,4050,147,,,,,,,,,,
Comoros,COM,,,NAT_TOTAL,20210823,,,,,,,,,,,,,,,,,,,,,,,,,,,,,,,,,,,,,,,,,,,,4051,147,,,,,,,,,,
Comoros,COM,,,NAT_TOTAL,20210824,,,,,,,,,,,,,,,,,,,,,,,,,,,,,,,,,,,,,,,,,,,,4054,147,,,,,,,,,,
Comoros,COM,,,NAT_TOTAL,20210825,,,,,,,,,,,,,,,,,,,,,,,,,,,,,,,,,,,,,,,,,,,,4055,147,,,,,,,,,,
Comoros,COM,,,NAT_TOTAL,20210826,,,,,,,,,,,,,,,,,,,,,,,,,,,,,,,,,,,,,,,,,,,,4055,147,,,,,,,,,,
Comoros,COM,,,NAT_TOTAL,20210827,,,,,,,,,,,,,,,,,,,,,,,,,,,,,,,,,,,,,,,,,,,,4055,147,,,,,,,,,,
Comoros,COM,,,NAT_TOTAL,20210828,,,,,,,,,,,,,,,,,,,,,,,,,,,,,,,,,,,,,,,,,,,,4062,147,,,,,,,,,,
Comoros,COM,,,NAT_TOTAL,20210829,,,,,,,,,,,,,,,,,,,,,,,,,,,,,,,,,,,,,,,,,,,,4062,147,,,,,,,,,,
Comoros,COM,,,NAT_TOTAL,20210830,,,,,,,,,,,,,,,,,,,,,,,,,,,,,,,,,,,,,,,,,,,,4065,147,,,,,,,,,,
Comoros,COM,,,NAT_TOTAL,20210831,,,,,,,,,,,,,,,,,,,,,,,,,,,,,,,,,,,,,,,,,,,,4068,147,,,,,,,,,,
Comoros,COM,,,NAT_TOTAL,20210901,,,,,,,,,,,,,,,,,,,,,,,,,,,,,,,,,,,,,,,,,,,,4072,147,,,,,,,,,,
Comoros,COM,,,NAT_TOTAL,20210902,,,,,,,,,,,,,,,,,,,,,,,,,,,,,,,,,,,,,,,,,,,,4076,147,,,,,,,,,,
Comoros,COM,,,NAT_TOTAL,20210903,,,,,,,,,,,,,,,,,,,,,,,,,,,,,,,,,,,,,,,,,,,,4083,147,,,,,,,,,,
Comoros,COM,,,NAT_TOTAL,20210904,,,,,,,,,,,,,,,,,,,,,,,,,,,,,,,,,,,,,,,,,,,,4084,147,,,,,,,,,,
Comoros,COM,,,NAT_TOTAL,20210905,,,,,,,,,,,,,,,,,,,,,,,,,,,,,,,,,,,,,,,,,,,,4086,147,,,,,,,,,,
Comoros,COM,,,NAT_TOTAL,20210906,,,,,,,,,,,,,,,,,,,,,,,,,,,,,,,,,,,,,,,,,,,,4086,147,,,,,,,,,,
Comoros,COM,,,NAT_TOTAL,20210907,,,,,,,,,,,,,,,,,,,,,,,,,,,,,,,,,,,,,,,,,,,,4090,147,,,,,,,,,,
Comoros,COM,,,NAT_TOTAL,20210908,,,,,,,,,,,,,,,,,,,,,,,,,,,,,,,,,,,,,,,,,,,,4093,147,,,,,,,,,,
Comoros,COM,,,NAT_TOTAL,20210909,,,,,,,,,,,,,,,,,,,,,,,,,,,,,,,,,,,,,,,,,,,,4093,147,,,,,,,,,,
Comoros,COM,,,NAT_TOTAL,20210910,,,,,,,,,,,,,,,,,,,,,,,,,,,,,,,,,,,,,,,,,,,,4093,147,,,,,,,,,,
Comoros,COM,,,NAT_TOTAL,20210911,,,,,,,,,,,,,,,,,,,,,,,,,,,,,,,,,,,,,,,,,,,,4094,147,,,,,,,,,,
Comoros,COM,,,NAT_TOTAL,20210912,,,,,,,,,,,,,,,,,,,,,,,,,,,,,,,,,,,,,,,,,,,,4097,147,,,,,,,,,,
Comoros,COM,,,NAT_TOTAL,20210913,,,,,,,,,,,,,,,,,,,,,,,,,,,,,,,,,,,,,,,,,,,,4100,147,,,,,,,,,,
Comoros,COM,,,NAT_TOTAL,20210914,,,,,,,,,,,,,,,,,,,,,,,,,,,,,,,,,,,,,,,,,,,,4100,147,,,,,,,,,,
Comoros,COM,,,NAT_TOTAL,20210915,,,,,,,,,,,,,,,,,,,,,,,,,,,,,,,,,,,,,,,,,,,,4100,147,,,,,,,,,,
Comoros,COM,,,NAT_TOTAL,20210916,,,,,,,,,,,,,,,,,,,,,,,,,,,,,,,,,,,,,,,,,,,,4101,147,,,,,,,,,,
Comoros,COM,,,NAT_TOTAL,20210917,,,,,,,,,,,,,,,,,,,,,,,,,,,,,,,,,,,,,,,,,,,,4104,147,,,,,,,,,,
Comoros,COM,,,NAT_TOTAL,20210918,,,,,,,,,,,,,,,,,,,,,,,,,,,,,,,,,,,,,,,,,,,,4104,147,,,,,,,,,,
Comoros,COM,,,NAT_TOTAL,20210919,,,,,,,,,,,,,,,,,,,,,,,,,,,,,,,,,,,,,,,,,,,,4106,147,,,,,,,,,,
Comoros,COM,,,NAT_TOTAL,20210920,,,,,,,,,,,,,,,,,,,,,,,,,,,,,,,,,,,,,,,,,,,,4109,147,,,,,,,,,,
Comoros,COM,,,NAT_TOTAL,20210921,,,,,,,,,,,,,,,,,,,,,,,,,,,,,,,,,,,,,,,,,,,,4110,147,,,,,,,,,,
Comoros,COM,,,NAT_TOTAL,20210922,,,,,,,,,,,,,,,,,,,,,,,,,,,,,,,,,,,,,,,,,,,,4110,147,,,,,,,,,,
Comoros,COM,,,NAT_TOTAL,20210923,,,,,,,,,,,,,,,,,,,,,,,,,,,,,,,,,,,,,,,,,,,,4112,147,,,,,,,,,,
Comoros,COM,,,NAT_TOTAL,20210924,,,,,,,,,,,,,,,,,,,,,,,,,,,,,,,,,,,,,,,,,,,,4112,147,,,,,,,,,,
Comoros,COM,,,NAT_TOTAL,20210925,,,,,,,,,,,,,,,,,,,,,,,,,,,,,,,,,,,,,,,,,,,,4112,147,,,,,,,,,,
Comoros,COM,,,NAT_TOTAL,20210926,,,,,,,,,,,,,,,,,,,,,,,,,,,,,,,,,,,,,,,,,,,,4112,147,,,,,,,,,,
Comoros,COM,,,NAT_TOTAL,20210927,,,,,,,,,,,,,,,,,,,,,,,,,,,,,,,,,,,,,,,,,,,,4128,147,,,,,,,,,,
Comoros,COM,,,NAT_TOTAL,20210928,,,,,,,,,,,,,,,,,,,,,,,,,,,,,,,,,,,,,,,,,,,,4137,147,,,,,,,,,,
Comoros,COM,,,NAT_TOTAL,20210929,,,,,,,,,,,,,,,,,,,,,,,,,,,,,,,,,,,,,,,,,,,,4137,147,,,,,,,,,,
Comoros,COM,,,NAT_TOTAL,20210930,,,,,,,,,,,,,,,,,,,,,,,,,,,,,,,,,,,,,,,,,,,,4141,147,,,,,,,,,,
Comoros,COM,,,NAT_TOTAL,20211001,,,,,,,,,,,,,,,,,,,,,,,,,,,,,,,,,,,,,,,,,,,,4147,147,,,,,,,,,,
Comoros,COM,,,NAT_TOTAL,20211002,,,,,,,,,,,,,,,,,,,,,,,,,,,,,,,,,,,,,,,,,,,,4147,147,,,,,,,,,,
Comoros,COM,,,NAT_TOTAL,20211003,,,,,,,,,,,,,,,,,,,,,,,,,,,,,,,,,,,,,,,,,,,,4155,147,,,,,,,,,,
Comoros,COM,,,NAT_TOTAL,20211004,,,,,,,,,,,,,,,,,,,,,,,,,,,,,,,,,,,,,,,,,,,,4155,147,,,,,,,,,,
Comoros,COM,,,NAT_TOTAL,20211005,,,,,,,,,,,,,,,,,,,,,,,,,,,,,,,,,,,,,,,,,,,,4156,147,,,,,,,,,,
Comoros,COM,,,NAT_TOTAL,20211006,,,,,,,,,,,,,,,,,,,,,,,,,,,,,,,,,,,,,,,,,,,,4158,147,,,,,,,,,,
Comoros,COM,,,NAT_TOTAL,20211007,,,,,,,,,,,,,,,,,,,,,,,,,,,,,,,,,,,,,,,,,,,,4159,147,,,,,,,,,,
Comoros,COM,,,NAT_TOTAL,20211008,,,,,,,,,,,,,,,,,,,,,,,,,,,,,,,,,,,,,,,,,,,,4161,147,,,,,,,,,,
Comoros,COM,,,NAT_TOTAL,20211009,,,,,,,,,,,,,,,,,,,,,,,,,,,,,,,,,,,,,,,,,,,,4161,147,,,,,,,,,,
Comoros,COM,,,NAT_TOTAL,20211010,,,,,,,,,,,,,,,,,,,,,,,,,,,,,,,,,,,,,,,,,,,,4165,147,,,,,,,,,,
Comoros,COM,,,NAT_TOTAL,20211011,,,,,,,,,,,,,,,,,,,,,,,,,,,,,,,,,,,,,,,,,,,,4166,147,,,,,,,,,,
Comoros,COM,,,NAT_TOTAL,20211012,,,,,,,,,,,,,,,,,,,,,,,,,,,,,,,,,,,,,,,,,,,,4169,147,,,,,,,,,,
Comoros,COM,,,NAT_TOTAL,20211013,,,,,,,,,,,,,,,,,,,,,,,,,,,,,,,,,,,,,,,,,,,,4173,147,,,,,,,,,,
Comoros,COM,,,NAT_TOTAL,20211014,,,,,,,,,,,,,,,,,,,,,,,,,,,,,,,,,,,,,,,,,,,,4176,147,,,,,,,,,,
Comoros,COM,,,NAT_TOTAL,20211015,,,,,,,,,,,,,,,,,,,,,,,,,,,,,,,,,,,,,,,,,,,,4184,147,,,,,,,,,,
Comoros,COM,,,NAT_TOTAL,20211016,,,,,,,,,,,,,,,,,,,,,,,,,,,,,,,,,,,,,,,,,,,,4184,147,,,,,,,,,,
Comoros,COM,,,NAT_TOTAL,20211017,,,,,,,,,,,,,,,,,,,,,,,,,,,,,,,,,,,,,,,,,,,,4186,147,,,,,,,,,,
Comoros,COM,,,NAT_TOTAL,20211018,,,,,,,,,,,,,,,,,,,,,,,,,,,,,,,,,,,,,,,,,,,,4190,147,,,,,,,,,,
Comoros,COM,,,NAT_TOTAL,20211019,,,,,,,,,,,,,,,,,,,,,,,,,,,,,,,,,,,,,,,,,,,,4191,147,,,,,,,,,,
Comoros,COM,,,NAT_TOTAL,20211020,,,,,,,,,,,,,,,,,,,,,,,,,,,,,,,,,,,,,,,,,,,,4194,147,,,,,,,,,,
Comoros,COM,,,NAT_TOTAL,20211021,,,,,,,,,,,,,,,,,,,,,,,,,,,,,,,,,,,,,,,,,,,,4197,147,,,,,,,,,,
Comoros,COM,,,NAT_TOTAL,20211022,,,,,,,,,,,,,,,,,,,,,,,,,,,,,,,,,,,,,,,,,,,,4200,147,,,,,,,,,,
Comoros,COM,,,NAT_TOTAL,20211023,,,,,,,,,,,,,,,,,,,,,,,,,,,,,,,,,,,,,,,,,,,,4204,147,,,,,,,,,,
Comoros,COM,,,NAT_TOTAL,20211024,,,,,,,,,,,,,,,,,,,,,,,,,,,,,,,,,,,,,,,,,,,,4205,147,,,,,,,,,,
Comoros,COM,,,NAT_TOTAL,20211025,,,,,,,,,,,,,,,,,,,,,,,,,,,,,,,,,,,,,,,,,,,,4219,147,,,,,,,,,,
Comoros,COM,,,NAT_TOTAL,20211026,,,,,,,,,,,,,,,,,,,,,,,,,,,,,,,,,,,,,,,,,,,,4233,147,,,,,,,,,,
Comoros,COM,,,NAT_TOTAL,20211027,,,,,,,,,,,,,,,,,,,,,,,,,,,,,,,,,,,,,,,,,,,,4233,147,,,,,,,,,,
Comoros,COM,,,NAT_TOTAL,20211028,,,,,,,,,,,,,,,,,,,,,,,,,,,,,,,,,,,,,,,,,,,,4239,147,,,,,,,,,,
Comoros,COM,,,NAT_TOTAL,20211029,,,,,,,,,,,,,,,,,,,,,,,,,,,,,,,,,,,,,,,,,,,,4239,147,,,,,,,,,,
Comoros,COM,,,NAT_TOTAL,20211030,,,,,,,,,,,,,,,,,,,,,,,,,,,,,,,,,,,,,,,,,,,,4239,147,,,,,,,,,,
Comoros,COM,,,NAT_TOTAL,20211031,,,,,,,,,,,,,,,,,,,,,,,,,,,,,,,,,,,,,,,,,,,,4259,147,,,,,,,,,,
Comoros,COM,,,NAT_TOTAL,20211101,,,,,,,,,,,,,,,,,,,,,,,,,,,,,,,,,,,,,,,,,,,,4266,147,,,,,,,,,,
Comoros,COM,,,NAT_TOTAL,20211102,,,,,,,,,,,,,,,,,,,,,,,,,,,,,,,,,,,,,,,,,,,,4272,147,,,,,,,,,,
Comoros,COM,,,NAT_TOTAL,20211103,,,,,,,,,,,,,,,,,,,,,,,,,,,,,,,,,,,,,,,,,,,,4281,147,,,,,,,,,,
Comoros,COM,,,NAT_TOTAL,20211104,,,,,,,,,,,,,,,,,,,,,,,,,,,,,,,,,,,,,,,,,,,,4291,147,,,,,,,,,,
Comoros,COM,,,NAT_TOTAL,20211105,,,,,,,,,,,,,,,,,,,,,,,,,,,,,,,,,,,,,,,,,,,,4300,147,,,,,,,,,,
Comoros,COM,,,NAT_TOTAL,20211106,,,,,,,,,,,,,,,,,,,,,,,,,,,,,,,,,,,,,,,,,,,,4307,147,,,,,,,,,,
Comoros,COM,,,NAT_TOTAL,20211107,,,,,,,,,,,,,,,,,,,,,,,,,,,,,,,,,,,,,,,,,,,,4315,147,,,,,,,,,,
Comoros,COM,,,NAT_TOTAL,20211108,,,,,,,,,,,,,,,,,,,,,,,,,,,,,,,,,,,,,,,,,,,,4321,147,,,,,,,,,,
Comoros,COM,,,NAT_TOTAL,20211109,,,,,,,,,,,,,,,,,,,,,,,,,,,,,,,,,,,,,,,,,,,,4332,147,,,,,,,,,,
Comoros,COM,,,NAT_TOTAL,20211110,,,,,,,,,,,,,,,,,,,,,,,,,,,,,,,,,,,,,,,,,,,,4349,147,,,,,,,,,,
Comoros,COM,,,NAT_TOTAL,20211111,,,,,,,,,,,,,,,,,,,,,,,,,,,,,,,,,,,,,,,,,,,,4352,148,,,,,,,,,,
Comoros,COM,,,NAT_TOTAL,20211112,,,,,,,,,,,,,,,,,,,,,,,,,,,,,,,,,,,,,,,,,,,,4363,149,,,,,,,,,,
Comoros,COM,,,NAT_TOTAL,20211113,,,,,,,,,,,,,,,,,,,,,,,,,,,,,,,,,,,,,,,,,,,,4371,149,,,,,,,,,,
Comoros,COM,,,NAT_TOTAL,20211114,,,,,,,,,,,,,,,,,,,,,,,,,,,,,,,,,,,,,,,,,,,,4388,149,,,,,,,,,,
Comoros,COM,,,NAT_TOTAL,20211115,,,,,,,,,,,,,,,,,,,,,,,,,,,,,,,,,,,,,,,,,,,,4396,149,,,,,,,,,,
Comoros,COM,,,NAT_TOTAL,20211116,,,,,,,,,,,,,,,,,,,,,,,,,,,,,,,,,,,,,,,,,,,,4400,149,,,,,,,,,,
Comoros,COM,,,NAT_TOTAL,20211117,,,,,,,,,,,,,,,,,,,,,,,,,,,,,,,,,,,,,,,,,,,,4409,149,,,,,,,,,,
Comoros,COM,,,NAT_TOTAL,20211118,,,,,,,,,,,,,,,,,,,,,,,,,,,,,,,,,,,,,,,,,,,,4437,149,,,,,,,,,,
Comoros,COM,,,NAT_TOTAL,20211119,,,,,,,,,,,,,,,,,,,,,,,,,,,,,,,,,,,,,,,,,,,,4437,149,,,,,,,,,,
Comoros,COM,,,NAT_TOTAL,20211120,,,,,,,,,,,,,,,,,,,,,,,,,,,,,,,,,,,,,,,,,,,,4440,150,,,,,,,,,,
Comoros,COM,,,NAT_TOTAL,20211121,,,,,,,,,,,,,,,,,,,,,,,,,,,,,,,,,,,,,,,,,,,,4450,150,,,,,,,,,,
Comoros,COM,,,NAT_TOTAL,20211122,,,,,,,,,,,,,,,,,,,,,,,,,,,,,,,,,,,,,,,,,,,,4457,150,,,,,,,,,,
Comoros,COM,,,NAT_TOTAL,20211123,,,,,,,,,,,,,,,,,,,,,,,,,,,,,,,,,,,,,,,,,,,,4466,150,,,,,,,,,,
Comoros,COM,,,NAT_TOTAL,20211124,,,,,,,,,,,,,,,,,,,,,,,,,,,,,,,,,,,,,,,,,,,,4478,150,,,,,,,,,,
Comoros,COM,,,NAT_TOTAL,20211125,,,,,,,,,,,,,,,,,,,,,,,,,,,,,,,,,,,,,,,,,,,,4478,150,,,,,,,,,,
Comoros,COM,,,NAT_TOTAL,20211126,,,,,,,,,,,,,,,,,,,,,,,,,,,,,,,,,,,,,,,,,,,,4482,150,,,,,,,,,,
Comoros,COM,,,NAT_TOTAL,20211127,,,,,,,,,,,,,,,,,,,,,,,,,,,,,,,,,,,,,,,,,,,,4489,150,,,,,,,,,,
Comoros,COM,,,NAT_TOTAL,20211128,,,,,,,,,,,,,,,,,,,,,,,,,,,,,,,,,,,,,,,,,,,,4498,150,,,,,,,,,,
Comoros,COM,,,NAT_TOTAL,20211129,,,,,,,,,,,,,,,,,,,,,,,,,,,,,,,,,,,,,,,,,,,,4498,150,,,,,,,,,,
Comoros,COM,,,NAT_TOTAL,20211130,,,,,,,,,,,,,,,,,,,,,,,,,,,,,,,,,,,,,,,,,,,,4501,150,,,,,,,,,,
Comoros,COM,,,NAT_TOTAL,20211201,,,,,,,,,,,,,,,,,,,,,,,,,,,,,,,,,,,,,,,,,,,,4508,150,,,,,,,,,,
Comoros,COM,,,NAT_TOTAL,20211202,,,,,,,,,,,,,,,,,,,,,,,,,,,,,,,,,,,,,,,,,,,,4521,150,,,,,,,,,,
Comoros,COM,,,NAT_TOTAL,20211203,,,,,,,,,,,,,,,,,,,,,,,,,,,,,,,,,,,,,,,,,,,,4527,150,,,,,,,,,,
Comoros,COM,,,NAT_TOTAL,20211204,,,,,,,,,,,,,,,,,,,,,,,,,,,,,,,,,,,,,,,,,,,,4528,150,,,,,,,,,,
Comoros,COM,,,NAT_TOTAL,20211205,,,,,,,,,,,,,,,,,,,,,,,,,,,,,,,,,,,,,,,,,,,,4542,150,,,,,,,,,,
Comoros,COM,,,NAT_TOTAL,20211206,,,,,,,,,,,,,,,,,,,,,,,,,,,,,,,,,,,,,,,,,,,,4543,151,,,,,,,,,,
Comoros,COM,,,NAT_TOTAL,20211207,,,,,,,,,,,,,,,,,,,,,,,,,,,,,,,,,,,,,,,,,,,,4548,151,,,,,,,,,,
Comoros,COM,,,NAT_TOTAL,20211208,,,,,,,,,,,,,,,,,,,,,,,,,,,,,,,,,,,,,,,,,,,,4554,151,,,,,,,,,,
Comoros,COM,,,NAT_TOTAL,20211209,,,,,,,,,,,,,,,,,,,,,,,,,,,,,,,,,,,,,,,,,,,,4556,151,,,,,,,,,,
Comoros,COM,,,NAT_TOTAL,20211210,,,,,,,,,,,,,,,,,,,,,,,,,,,,,,,,,,,,,,,,,,,,4560,151,,,,,,,,,,
Comoros,COM,,,NAT_TOTAL,20211211,,,,,,,,,,,,,,,,,,,,,,,,,,,,,,,,,,,,,,,,,,,,4564,151,,,,,,,,,,
Comoros,COM,,,NAT_TOTAL,20211212,,,,,,,,,,,,,,,,,,,,,,,,,,,,,,,,,,,,,,,,,,,,4567,151,,,,,,,,,,
Comoros,COM,,,NAT_TOTAL,20211213,,,,,,,,,,,,,,,,,,,,,,,,,,,,,,,,,,,,,,,,,,,,4569,151,,,,,,,,,,
Comoros,COM,,,NAT_TOTAL,20211214,,,,,,,,,,,,,,,,,,,,,,,,,,,,,,,,,,,,,,,,,,,,4572,151,,,,,,,,,,
Comoros,COM,,,NAT_TOTAL,20211215,,,,,,,,,,,,,,,,,,,,,,,,,,,,,,,,,,,,,,,,,,,,4576,151,,,,,,,,,,
Comoros,COM,,,NAT_TOTAL,20211216,,,,,,,,,,,,,,,,,,,,,,,,,,,,,,,,,,,,,,,,,,,,4589,151,,,,,,,,,,
Comoros,COM,,,NAT_TOTAL,20211217,,,,,,,,,,,,,,,,,,,,,,,,,,,,,,,,,,,,,,,,,,,,4606,151,,,,,,,,,,
Comoros,COM,,,NAT_TOTAL,20211218,,,,,,,,,,,,,,,,,,,,,,,,,,,,,,,,,,,,,,,,,,,,4649,151,,,,,,,,,,
Comoros,COM,,,NAT_TOTAL,20211219,,,,,,,,,,,,,,,,,,,,,,,,,,,,,,,,,,,,,,,,,,,,4649,151,,,,,,,,,,
Comoros,COM,,,NAT_TOTAL,20211220,,,,,,,,,,,,,,,,,,,,,,,,,,,,,,,,,,,,,,,,,,,,4677,152,,,,,,,,,,
Comoros,COM,,,NAT_TOTAL,20211221,,,,,,,,,,,,,,,,,,,,,,,,,,,,,,,,,,,,,,,,,,,,4677,152,,,,,,,,,,
Comoros,COM,,,NAT_TOTAL,20211222,,,,,,,,,,,,,,,,,,,,,,,,,,,,,,,,,,,,,,,,,,,,4952,152,,,,,,,,,,
Comoros,COM,,,NAT_TOTAL,20211223,,,,,,,,,,,,,,,,,,,,,,,,,,,,,,,,,,,,,,,,,,,,5123,152,,,,,,,,,,
Comoros,COM,,,NAT_TOTAL,20211224,,,,,,,,,,,,,,,,,,,,,,,,,,,,,,,,,,,,,,,,,,,,5336,153,,,,,,,,,,
Comoros,COM,,,NAT_TOTAL,20211225,,,,,,,,,,,,,,,,,,,,,,,,,,,,,,,,,,,,,,,,,,,,5479,153,,,,,,,,,,
Comoros,COM,,,NAT_TOTAL,20211226,,,,,,,,,,,,,,,,,,,,,,,,,,,,,,,,,,,,,,,,,,,,5603,153,,,,,,,,,,
Comoros,COM,,,NAT_TOTAL,20211227,,,,,,,,,,,,,,,,,,,,,,,,,,,,,,,,,,,,,,,,,,,,5729,153,,,,,,,,,,
Comoros,COM,,,NAT_TOTAL,20211228,,,,,,,,,,,,,,,,,,,,,,,,,,,,,,,,,,,,,,,,,,,,5867,154,,,,,,,,,,
Comoros,COM,,,NAT_TOTAL,20211229,,,,,,,,,,,,,,,,,,,,,,,,,,,,,,,,,,,,,,,,,,,,6043,154,,,,,,,,,,
Comoros,COM,,,NAT_TOTAL,20211230,,,,,,,,,,,,,,,,,,,,,,,,,,,,,,,,,,,,,,,,,,,,6284,156,,,,,,,,,,
Comoros,COM,,,NAT_TOTAL,20211231,,,,,,,,,,,,,,,,,,,,,,,,,,,,,,,,,,,,,,,,,,,,6515,157,,,,,,,,,,
Comoros,COM,,,NAT_TOTAL,20220101,,,,,,,,,,,,,,,,,,,,,,,,,,,,,,,,,,,,,,,,,,,,6688,157,,,,,,,,,,
Comoros,COM,,,NAT_TOTAL,20220102,,,,,,,,,,,,,,,,,,,,,,,,,,,,,,,,,,,,,,,,,,,,6835,158,,,,,,,,,,
Comoros,COM,,,NAT_TOTAL,20220103,,,,,,,,,,,,,,,,,,,,,,,,,,,,,,,,,,,,,,,,,,,,6907,158,,,,,,,,,,
Comoros,COM,,,NAT_TOTAL,20220104,,,,,,,,,,,,,,,,,,,,,,,,,,,,,,,,,,,,,,,,,,,,7068,159,,,,,,,,,,
Comoros,COM,,,NAT_TOTAL,20220105,,,,,,,,,,,,,,,,,,,,,,,,,,,,,,,,,,,,,,,,,,,,7283,159,,,,,,,,,,
Comoros,COM,,,NAT_TOTAL,20220106,,,,,,,,,,,,,,,,,,,,,,,,,,,,,,,,,,,,,,,,,,,,7405,159,,,,,,,,,,
Comoros,COM,,,NAT_TOTAL,20220107,,,,,,,,,,,,,,,,,,,,,,,,,,,,,,,,,,,,,,,,,,,,7497,159,,,,,,,,,,
Comoros,COM,,,NAT_TOTAL,20220108,,,,,,,,,,,,,,,,,,,,,,,,,,,,,,,,,,,,,,,,,,,,7554,159,,,,,,,,,,
Comoros,COM,,,NAT_TOTAL,20220109,,,,,,,,,,,,,,,,,,,,,,,,,,,,,,,,,,,,,,,,,,,,7594,159,,,,,,,,,,
Comoros,COM,,,NAT_TOTAL,20220110,,,,,,,,,,,,,,,,,,,,,,,,,,,,,,,,,,,,,,,,,,,,7622,158,,,,,,,,,,
Comoros,COM,,,NAT_TOTAL,20220111,,,,,,,,,,,,,,,,,,,,,,,,,,,,,,,,,,,,,,,,,,,,7655,158,,,,,,,,,,
Comoros,COM,,,NAT_TOTAL,20220112,,,,,,,,,,,,,,,,,,,,,,,,,,,,,,,,,,,,,,,,,,,,7715,159,,,,,,,,,,
Comoros,COM,,,NAT_TOTAL,20220113,,,,,,,,,,,,,,,,,,,,,,,,,,,,,,,,,,,,,,,,,,,,7715,159,,,,,,,,,,
Comoros,COM,,,NAT_TOTAL,20220114,,,,,,,,,,,,,,,,,,,,,,,,,,,,,,,,,,,,,,,,,,,,7745,159,,,,,,,,,,
Comoros,COM,,,NAT_TOTAL,20220115,,,,,,,,,,,,,,,,,,,,,,,,,,,,,,,,,,,,,,,,,,,,7745,159,,,,,,,,,,
Comoros,COM,,,NAT_TOTAL,20220116,,,,,,,,,,,,,,,,,,,,,,,,,,,,,,,,,,,,,,,,,,,,7756,159,,,,,,,,,,
Comoros,COM,,,NAT_TOTAL,20220117,,,,,,,,,,,,,,,,,,,,,,,,,,,,,,,,,,,,,,,,,,,,7767,159,,,,,,,,,,
Comoros,COM,,,NAT_TOTAL,20220118,,,,,,,,,,,,,,,,,,,,,,,,,,,,,,,,,,,,,,,,,,,,7771,159,,,,,,,,,,
Comoros,COM,,,NAT_TOTAL,20220119,,,,,,,,,,,,,,,,,,,,,,,,,,,,,,,,,,,,,,,,,,,,7784,159,,,,,,,,,,
Comoros,COM,,,NAT_TOTAL,20220120,,,,,,,,,,,,,,,,,,,,,,,,,,,,,,,,,,,,,,,,,,,,7784,159,,,,,,,,,,
Comoros,COM,,,NAT_TOTAL,20220121,,,,,,,,,,,,,,,,,,,,,,,,,,,,,,,,,,,,,,,,,,,,7793,159,,,,,,,,,,
Comoros,COM,,,NAT_TOTAL,20220122,,,,,,,,,,,,,,,,,,,,,,,,,,,,,,,,,,,,,,,,,,,,7801,159,,,,,,,,,,
Comoros,COM,,,NAT_TOTAL,20220123,,,,,,,,,,,,,,,,,,,,,,,,,,,,,,,,,,,,,,,,,,,,7812,159,,,,,,,,,,
Comoros,COM,,,NAT_TOTAL,20220124,,,,,,,,,,,,,,,,,,,,,,,,,,,,,,,,,,,,,,,,,,,,7814,159,,,,,,,,,,
Comoros,COM,,,NAT_TOTAL,20220125,,,,,,,,,,,,,,,,,,,,,,,,,,,,,,,,,,,,,,,,,,,,7814,159,,,,,,,,,,
Comoros,COM,,,NAT_TOTAL,20220126,,,,,,,,,,,,,,,,,,,,,,,,,,,,,,,,,,,,,,,,,,,,7821,159,,,,,,,,,,
Comoros,COM,,,NAT_TOTAL,20220127,,,,,,,,,,,,,,,,,,,,,,,,,,,,,,,,,,,,,,,,,,,,7824,159,,,,,,,,,,
Comoros,COM,,,NAT_TOTAL,20220128,,,,,,,,,,,,,,,,,,,,,,,,,,,,,,,,,,,,,,,,,,,,7827,159,,,,,,,,,,
Comoros,COM,,,NAT_TOTAL,20220129,,,,,,,,,,,,,,,,,,,,,,,,,,,,,,,,,,,,,,,,,,,,7829,160,,,,,,,,,,
Comoros,COM,,,NAT_TOTAL,20220130,,,,,,,,,,,,,,,,,,,,,,,,,,,,,,,,,,,,,,,,,,,,7832,160,,,,,,,,,,
Comoros,COM,,,NAT_TOTAL,20220131,,,,,,,,,,,,,,,,,,,,,,,,,,,,,,,,,,,,,,,,,,,,7832,160,,,,,,,,,,
Comoros,COM,,,NAT_TOTAL,20220201,,,,,,,,,,,,,,,,,,,,,,,,,,,,,,,,,,,,,,,,,,,,7832,160,,,,,,,,,,
Comoros,COM,,,NAT_TOTAL,20220202,,,,,,,,,,,,,,,,,,,,,,,,,,,,,,,,,,,,,,,,,,,,7833,160,,,,,,,,,,
Comoros,COM,,,NAT_TOTAL,20220203,,,,,,,,,,,,,,,,,,,,,,,,,,,,,,,,,,,,,,,,,,,,7870,160,,,,,,,,,,
Comoros,COM,,,NAT_TOTAL,20220204,,,,,,,,,,,,,,,,,,,,,,,,,,,,,,,,,,,,,,,,,,,,7870,160,,,,,,,,,,
Comoros,COM,,,NAT_TOTAL,20220205,,,,,,,,,,,,,,,,,,,,,,,,,,,,,,,,,,,,,,,,,,,,7928,160,,,,,,,,,,
Comoros,COM,,,NAT_TOTAL,20220206,,,,,,,,,,,,,,,,,,,,,,,,,,,,,,,,,,,,,,,,,,,,7944,160,,,,,,,,,,
Comoros,COM,,,NAT_TOTAL,20220207,,,,,,,,,,,,,,,,,,,,,,,,,,,,,,,,,,,,,,,,,,,,7964,160,,,,,,,,,,
Comoros,COM,,,NAT_TOTAL,20220208,,,,,,,,,,,,,,,,,,,,,,,,,,,,,,,,,,,,,,,,,,,,7965,160,,,,,,,,,,
Comoros,COM,,,NAT_TOTAL,20220209,,,,,,,,,,,,,,,,,,,,,,,,,,,,,,,,,,,,,,,,,,,,7978,160,,,,,,,,,,
Comoros,COM,,,NAT_TOTAL,20220210,,,,,,,,,,,,,,,,,,,,,,,,,,,,,,,,,,,,,,,,,,,,7989,160,,,,,,,,,,
Comoros,COM,,,NAT_TOTAL,20220211,,,,,,,,,,,,,,,,,,,,,,,,,,,,,,,,,,,,,,,,,,,,7998,160,,,,,,,,,,
Comoros,COM,,,NAT_TOTAL,20220212,,,,,,,,,,,,,,,,,,,,,,,,,,,,,,,,,,,,,,,,,,,,7998,160,,,,,,,,,,
Comoros,COM,,,NAT_TOTAL,20220213,,,,,,,,,,,,,,,,,,,,,,,,,,,,,,,,,,,,,,,,,,,,8005,160,,,,,,,,,,
Comoros,COM,,,NAT_TOTAL,20220214,,,,,,,,,,,,,,,,,,,,,,,,,,,,,,,,,,,,,,,,,,,,8005,160,,,,,,,,,,
Comoros,COM,,,NAT_TOTAL,20220215,,,,,,,,,,,,,,,,,,,,,,,,,,,,,,,,,,,,,,,,,,,,8005,160,,,,,,,,,,
Comoros,COM,,,NAT_TOTAL,20220216,,,,,,,,,,,,,,,,,,,,,,,,,,,,,,,,,,,,,,,,,,,,8010,160,,,,,,,,,,
Comoros,COM,,,NAT_TOTAL,20220217,,,,,,,,,,,,,,,,,,,,,,,,,,,,,,,,,,,,,,,,,,,,8012,160,,,,,,,,,,
Comoros,COM,,,NAT_TOTAL,20220218,,,,,,,,,,,,,,,,,,,,,,,,,,,,,,,,,,,,,,,,,,,,8014,160,,,,,,,,,,
Comoros,COM,,,NAT_TOTAL,20220219,,,,,,,,,,,,,,,,,,,,,,,,,,,,,,,,,,,,,,,,,,,,8016,160,,,,,,,,,,
Comoros,COM,,,NAT_TOTAL,20220220,,,,,,,,,,,,,,,,,,,,,,,,,,,,,,,,,,,,,,,,,,,,8020,160,,,,,,,,,,
Comoros,COM,,,NAT_TOTAL,20220221,,,,,,,,,,,,,,,,,,,,,,,,,,,,,,,,,,,,,,,,,,,,8021,160,,,,,,,,,,
Comoros,COM,,,NAT_TOTAL,20220222,,,,,,,,,,,,,,,,,,,,,,,,,,,,,,,,,,,,,,,,,,,,8024,160,,,,,,,,,,
Comoros,COM,,,NAT_TOTAL,20220223,,,,,,,,,,,,,,,,,,,,,,,,,,,,,,,,,,,,,,,,,,,,8024,160,,,,,,,,,,
Comoros,COM,,,NAT_TOTAL,20220224,,,,,,,,,,,,,,,,,,,,,,,,,,,,,,,,,,,,,,,,,,,,8026,160,,,,,,,,,,
Comoros,COM,,,NAT_TOTAL,20220225,,,,,,,,,,,,,,,,,,,,,,,,,,,,,,,,,,,,,,,,,,,,8026,160,,,,,,,,,,
Comoros,COM,,,NAT_TOTAL,20220226,,,,,,,,,,,,,,,,,,,,,,,,,,,,,,,,,,,,,,,,,,,,8032,160,,,,,,,,,,
Comoros,COM,,,NAT_TOTAL,20220227,,,,,,,,,,,,,,,,,,,,,,,,,,,,,,,,,,,,,,,,,,,,8033,160,,,,,,,,,,
Comoros,COM,,,NAT_TOTAL,20220228,,,,,,,,,,,,,,,,,,,,,,,,,,,,,,,,,,,,,,,,,,,,8033,160,,,,,,,,,,
Comoros,COM,,,NAT_TOTAL,20220301,,,,,,,,,,,,,,,,,,,,,,,,,,,,,,,,,,,,,,,,,,,,8033,160,,,,,,,,,,
Comoros,COM,,,NAT_TOTAL,20220302,,,,,,,,,,,,,,,,,,,,,,,,,,,,,,,,,,,,,,,,,,,,8033,160,,,,,,,,,,
Comoros,COM,,,NAT_TOTAL,20220303,,,,,,,,,,,,,,,,,,,,,,,,,,,,,,,,,,,,,,,,,,,,8033,160,,,,,,,,,,
Comoros,COM,,,NAT_TOTAL,20220304,,,,,,,,,,,,,,,,,,,,,,,,,,,,,,,,,,,,,,,,,,,,8047,160,,,,,,,,,,
Comoros,COM,,,NAT_TOTAL,20220305,,,,,,,,,,,,,,,,,,,,,,,,,,,,,,,,,,,,,,,,,,,,8047,160,,,,,,,,,,
Comoros,COM,,,NAT_TOTAL,20220306,,,,,,,,,,,,,,,,,,,,,,,,,,,,,,,,,,,,,,,,,,,,8047,160,,,,,,,,,,
Comoros,COM,,,NAT_TOTAL,20220307,,,,,,,,,,,,,,,,,,,,,,,,,,,,,,,,,,,,,,,,,,,,8048,160,,,,,,,,,,
Comoros,COM,,,NAT_TOTAL,20220308,,,,,,,,,,,,,,,,,,,,,,,,,,,,,,,,,,,,,,,,,,,,8051,160,,,,,,,,,,
Comoros,COM,,,NAT_TOTAL,20220309,,,,,,,,,,,,,,,,,,,,,,,,,,,,,,,,,,,,,,,,,,,,8051,160,,,,,,,,,,
Comoros,COM,,,NAT_TOTAL,20220310,,,,,,,,,,,,,,,,,,,,,,,,,,,,,,,,,,,,,,,,,,,,8057,160,,,,,,,,,,
Comoros,COM,,,NAT_TOTAL,20220311,,,,,,,,,,,,,,,,,,,,,,,,,,,,,,,,,,,,,,,,,,,,8060,160,,,,,,,,,,
Comoros,COM,,,NAT_TOTAL,20220312,,,,,,,,,,,,,,,,,,,,,,,,,,,,,,,,,,,,,,,,,,,,8060,160,,,,,,,,,,
Comoros,COM,,,NAT_TOTAL,20220313,,,,,,,,,,,,,,,,,,,,,,,,,,,,,,,,,,,,,,,,,,,,8063,160,,,,,,,,,,
Comoros,COM,,,NAT_TOTAL,20220314,,,,,,,,,,,,,,,,,,,,,,,,,,,,,,,,,,,,,,,,,,,,8069,160,,,,,,,,,,
Comoros,COM,,,NAT_TOTAL,20220315,,,,,,,,,,,,,,,,,,,,,,,,,,,,,,,,,,,,,,,,,,,,8069,160,,,,,,,,,,
Comoros,COM,,,NAT_TOTAL,20220316,,,,,,,,,,,,,,,,,,,,,,,,,,,,,,,,,,,,,,,,,,,,8074,160,,,,,,,,,,
Comoros,COM,,,NAT_TOTAL,20220317,,,,,,,,,,,,,,,,,,,,,,,,,,,,,,,,,,,,,,,,,,,,8074,160,,,,,,,,,,
Comoros,COM,,,NAT_TOTAL,20220318,,,,,,,,,,,,,,,,,,,,,,,,,,,,,,,,,,,,,,,,,,,,8076,160,,,,,,,,,,
Comoros,COM,,,NAT_TOTAL,20220319,,,,,,,,,,,,,,,,,,,,,,,,,,,,,,,,,,,,,,,,,,,,8076,160,,,,,,,,,,
Comoros,COM,,,NAT_TOTAL,20220320,,,,,,,,,,,,,,,,,,,,,,,,,,,,,,,,,,,,,,,,,,,,8076,160,,,,,,,,,,
Comoros,COM,,,NAT_TOTAL,20220321,,,,,,,,,,,,,,,,,,,,,,,,,,,,,,,,,,,,,,,,,,,,8077,160,,,,,,,,,,
Comoros,COM,,,NAT_TOTAL,20220322,,,,,,,,,,,,,,,,,,,,,,,,,,,,,,,,,,,,,,,,,,,,8078,160,,,,,,,,,,
Comoros,COM,,,NAT_TOTAL,20220323,,,,,,,,,,,,,,,,,,,,,,,,,,,,,,,,,,,,,,,,,,,,8078,160,,,,,,,,,,
Comoros,COM,,,NAT_TOTAL,20220324,,,,,,,,,,,,,,,,,,,,,,,,,,,,,,,,,,,,,,,,,,,,8081,160,,,,,,,,,,
Comoros,COM,,,NAT_TOTAL,20220325,,,,,,,,,,,,,,,,,,,,,,,,,,,,,,,,,,,,,,,,,,,,8081,160,,,,,,,,,,
Comoros,COM,,,NAT_TOTAL,20220326,,,,,,,,,,,,,,,,,,,,,,,,,,,,,,,,,,,,,,,,,,,,8081,160,,,,,,,,,,
Comoros,COM,,,NAT_TOTAL,20220327,,,,,,,,,,,,,,,,,,,,,,,,,,,,,,,,,,,,,,,,,,,,8081,160,,,,,,,,,,
Comoros,COM,,,NAT_TOTAL,20220328,,,,,,,,,,,,,,,,,,,,,,,,,,,,,,,,,,,,,,,,,,,,8083,160,,,,,,,,,,
Comoros,COM,,,NAT_TOTAL,20220329,,,,,,,,,,,,,,,,,,,,,,,,,,,,,,,,,,,,,,,,,,,,8085,160,,,,,,,,,,
Comoros,COM,,,NAT_TOTAL,20220330,,,,,,,,,,,,,,,,,,,,,,,,,,,,,,,,,,,,,,,,,,,,8086,160,,,,,,,,,,
Comoros,COM,,,NAT_TOTAL,20220331,,,,,,,,,,,,,,,,,,,,,,,,,,,,,,,,,,,,,,,,,,,,8086,160,,,,,,,,,,
Comoros,COM,,,NAT_TOTAL,20220401,,,,,,,,,,,,,,,,,,,,,,,,,,,,,,,,,,,,,,,,,,,,8088,160,,,,,,,,,,
Comoros,COM,,,NAT_TOTAL,20220402,,,,,,,,,,,,,,,,,,,,,,,,,,,,,,,,,,,,,,,,,,,,8088,160,,,,,,,,,,
Comoros,COM,,,NAT_TOTAL,20220403,,,,,,,,,,,,,,,,,,,,,,,,,,,,,,,,,,,,,,,,,,,,8093,160,,,,,,,,,,
Comoros,COM,,,NAT_TOTAL,20220404,,,,,,,,,,,,,,,,,,,,,,,,,,,,,,,,,,,,,,,,,,,,8093,160,,,,,,,,,,
Comoros,COM,,,NAT_TOTAL,20220405,,,,,,,,,,,,,,,,,,,,,,,,,,,,,,,,,,,,,,,,,,,,8093,160,,,,,,,,,,
Comoros,COM,,,NAT_TOTAL,20220406,,,,,,,,,,,,,,,,,,,,,,,,,,,,,,,,,,,,,,,,,,,,8095,160,,,,,,,,,,
Comoros,COM,,,NAT_TOTAL,20220407,,,,,,,,,,,,,,,,,,,,,,,,,,,,,,,,,,,,,,,,,,,,8095,160,,,,,,,,,,
Comoros,COM,,,NAT_TOTAL,20220408,,,,,,,,,,,,,,,,,,,,,,,,,,,,,,,,,,,,,,,,,,,,8097,160,,,,,,,,,,
Comoros,COM,,,NAT_TOTAL,20220409,,,,,,,,,,,,,,,,,,,,,,,,,,,,,,,,,,,,,,,,,,,,8097,160,,,,,,,,,,
Comoros,COM,,,NAT_TOTAL,20220410,,,,,,,,,,,,,,,,,,,,,,,,,,,,,,,,,,,,,,,,,,,,8099,160,,,,,,,,,,
Comoros,COM,,,NAT_TOTAL,20220411,,,,,,,,,,,,,,,,,,,,,,,,,,,,,,,,,,,,,,,,,,,,8100,160,,,,,,,,,,
Comoros,COM,,,NAT_TOTAL,20220412,,,,,,,,,,,,,,,,,,,,,,,,,,,,,,,,,,,,,,,,,,,,8100,160,,,,,,,,,,
Comoros,COM,,,NAT_TOTAL,20220413,,,,,,,,,,,,,,,,,,,,,,,,,,,,,,,,,,,,,,,,,,,,8100,160,,,,,,,,,,
Comoros,COM,,,NAT_TOTAL,20220414,,,,,,,,,,,,,,,,,,,,,,,,,,,,,,,,,,,,,,,,,,,,8100,160,,,,,,,,,,
Comoros,COM,,,NAT_TOTAL,20220415,,,,,,,,,,,,,,,,,,,,,,,,,,,,,,,,,,,,,,,,,,,,8100,160,,,,,,,,,,
Comoros,COM,,,NAT_TOTAL,20220416,,,,,,,,,,,,,,,,,,,,,,,,,,,,,,,,,,,,,,,,,,,,8100,160,,,,,,,,,,
Comoros,COM,,,NAT_TOTAL,20220417,,,,,,,,,,,,,,,,,,,,,,,,,,,,,,,,,,,,,,,,,,,,8100,160,,,,,,,,,,
Comoros,COM,,,NAT_TOTAL,20220418,,,,,,,,,,,,,,,,,,,,,,,,,,,,,,,,,,,,,,,,,,,,8100,160,,,,,,,,,,
Comoros,COM,,,NAT_TOTAL,20220419,,,,,,,,,,,,,,,,,,,,,,,,,,,,,,,,,,,,,,,,,,,,8103,160,,,,,,,,,,
Comoros,COM,,,NAT_TOTAL,20220420,,,,,,,,,,,,,,,,,,,,,,,,,,,,,,,,,,,,,,,,,,,,8103,160,,,,,,,,,,
Comoros,COM,,,NAT_TOTAL,20220421,,,,,,,,,,,,,,,,,,,,,,,,,,,,,,,,,,,,,,,,,,,,8104,160,,,,,,,,,,
Comoros,COM,,,NAT_TOTAL,20220422,,,,,,,,,,,,,,,,,,,,,,,,,,,,,,,,,,,,,,,,,,,,8104,160,,,,,,,,,,
Comoros,COM,,,NAT_TOTAL,20220423,,,,,,,,,,,,,,,,,,,,,,,,,,,,,,,,,,,,,,,,,,,,8104,160,,,,,,,,,,
Comoros,COM,,,NAT_TOTAL,20220424,,,,,,,,,,,,,,,,,,,,,,,,,,,,,,,,,,,,,,,,,,,,8104,160,,,,,,,,,,
Comoros,COM,,,NAT_TOTAL,20220425,,,,,,,,,,,,,,,,,,,,,,,,,,,,,,,,,,,,,,,,,,,,8105,160,,,,,,,,,,
Comoros,COM,,,NAT_TOTAL,20220426,,,,,,,,,,,,,,,,,,,,,,,,,,,,,,,,,,,,,,,,,,,,8105,160,,,,,,,,,,
Comoros,COM,,,NAT_TOTAL,20220427,,,,,,,,,,,,,,,,,,,,,,,,,,,,,,,,,,,,,,,,,,,,8105,160,,,,,,,,,,
Comoros,COM,,,NAT_TOTAL,20220428,,,,,,,,,,,,,,,,,,,,,,,,,,,,,,,,,,,,,,,,,,,,8105,160,,,,,,,,,,
Comoros,COM,,,NAT_TOTAL,20220429,,,,,,,,,,,,,,,,,,,,,,,,,,,,,,,,,,,,,,,,,,,,8105,160,,,,,,,,,,
Comoros,COM,,,NAT_TOTAL,20220430,,,,,,,,,,,,,,,,,,,,,,,,,,,,,,,,,,,,,,,,,,,,8105,160,,,,,,,,,,
Comoros,COM,,,NAT_TOTAL,20220501,,,,,,,,,,,,,,,,,,,,,,,,,,,,,,,,,,,,,,,,,,,,8105,160,,,,,,,,,,
Comoros,COM,,,NAT_TOTAL,20220502,,,,,,,,,,,,,,,,,,,,,,,,,,,,,,,,,,,,,,,,,,,,8106,160,,,,,,,,,,
Comoros,COM,,,NAT_TOTAL,20220503,,,,,,,,,,,,,,,,,,,,,,,,,,,,,,,,,,,,,,,,,,,,8107,160,,,,,,,,,,
Comoros,COM,,,NAT_TOTAL,20220504,,,,,,,,,,,,,,,,,,,,,,,,,,,,,,,,,,,,,,,,,,,,8107,160,,,,,,,,,,
Comoros,COM,,,NAT_TOTAL,20220505,,,,,,,,,,,,,,,,,,,,,,,,,,,,,,,,,,,,,,,,,,,,8107,160,,,,,,,,,,
Comoros,COM,,,NAT_TOTAL,20220506,,,,,,,,,,,,,,,,,,,,,,,,,,,,,,,,,,,,,,,,,,,,8107,160,,,,,,,,,,
Comoros,COM,,,NAT_TOTAL,20220507,,,,,,,,,,,,,,,,,,,,,,,,,,,,,,,,,,,,,,,,,,,,8107,160,,,,,,,,,,
Comoros,COM,,,NAT_TOTAL,20220508,,,,,,,,,,,,,,,,,,,,,,,,,,,,,,,,,,,,,,,,,,,,8107,160,,,,,,,,,,
Comoros,COM,,,NAT_TOTAL,20220509,,,,,,,,,,,,,,,,,,,,,,,,,,,,,,,,,,,,,,,,,,,,8107,160,,,,,,,,,,
Comoros,COM,,,NAT_TOTAL,20220510,,,,,,,,,,,,,,,,,,,,,,,,,,,,,,,,,,,,,,,,,,,,8108,160,,,,,,,,,,
Comoros,COM,,,NAT_TOTAL,20220511,,,,,,,,,,,,,,,,,,,,,,,,,,,,,,,,,,,,,,,,,,,,8108,160,,,,,,,,,,
Comoros,COM,,,NAT_TOTAL,20220512,,,,,,,,,,,,,,,,,,,,,,,,,,,,,,,,,,,,,,,,,,,,8108,160,,,,,,,,,,
Comoros,COM,,,NAT_TOTAL,20220513,,,,,,,,,,,,,,,,,,,,,,,,,,,,,,,,,,,,,,,,,,,,8108,160,,,,,,,,,,
Comoros,COM,,,NAT_TOTAL,20220514,,,,,,,,,,,,,,,,,,,,,,,,,,,,,,,,,,,,,,,,,,,,8108,160,,,,,,,,,,
Comoros,COM,,,NAT_TOTAL,20220515,,,,,,,,,,,,,,,,,,,,,,,,,,,,,,,,,,,,,,,,,,,,8108,160,,,,,,,,,,
Comoros,COM,,,NAT_TOTAL,20220516,,,,,,,,,,,,,,,,,,,,,,,,,,,,,,,,,,,,,,,,,,,,8108,160,,,,,,,,,,
Comoros,COM,,,NAT_TOTAL,20220517,,,,,,,,,,,,,,,,,,,,,,,,,,,,,,,,,,,,,,,,,,,,8110,160,,,,,,,,,,
Comoros,COM,,,NAT_TOTAL,20220518,,,,,,,,,,,,,,,,,,,,,,,,,,,,,,,,,,,,,,,,,,,,8110,160,,,,,,,,,,
Comoros,COM,,,NAT_TOTAL,20220519,,,,,,,,,,,,,,,,,,,,,,,,,,,,,,,,,,,,,,,,,,,,8110,160,,,,,,,,,,
Comoros,COM,,,NAT_TOTAL,20220520,,,,,,,,,,,,,,,,,,,,,,,,,,,,,,,,,,,,,,,,,,,,8110,160,,,,,,,,,,
Comoros,COM,,,NAT_TOTAL,20220521,,,,,,,,,,,,,,,,,,,,,,,,,,,,,,,,,,,,,,,,,,,,8110,160,,,,,,,,,,
Comoros,COM,,,NAT_TOTAL,20220522,,,,,,,,,,,,,,,,,,,,,,,,,,,,,,,,,,,,,,,,,,,,8110,160,,,,,,,,,,
Comoros,COM,,,NAT_TOTAL,20220523,,,,,,,,,,,,,,,,,,,,,,,,,,,,,,,,,,,,,,,,,,,,8114,160,,,,,,,,,,
Comoros,COM,,,NAT_TOTAL,20220524,,,,,,,,,,,,,,,,,,,,,,,,,,,,,,,,,,,,,,,,,,,,8114,160,,,,,,,,,,
Comoros,COM,,,NAT_TOTAL,20220525,,,,,,,,,,,,,,,,,,,,,,,,,,,,,,,,,,,,,,,,,,,,8120,161,,,,,,,,,,
Comoros,COM,,,NAT_TOTAL,20220526,,,,,,,,,,,,,,,,,,,,,,,,,,,,,,,,,,,,,,,,,,,,8120,161,,,,,,,,,,
Comoros,COM,,,NAT_TOTAL,20220527,,,,,,,,,,,,,,,,,,,,,,,,,,,,,,,,,,,,,,,,,,,,8120,160,,,,,,,,,,
Comoros,COM,,,NAT_TOTAL,20220528,,,,,,,,,,,,,,,,,,,,,,,,,,,,,,,,,,,,,,,,,,,,8120,160,,,,,,,,,,
Comoros,COM,,,NAT_TOTAL,20220529,,,,,,,,,,,,,,,,,,,,,,,,,,,,,,,,,,,,,,,,,,,,8120,160,,,,,,,,,,
Comoros,COM,,,NAT_TOTAL,20220530,,,,,,,,,,,,,,,,,,,,,,,,,,,,,,,,,,,,,,,,,,,,8120,160,,,,,,,,,,
Comoros,COM,,,NAT_TOTAL,20220531,,,,,,,,,,,,,,,,,,,,,,,,,,,,,,,,,,,,,,,,,,,,8120,160,,,,,,,,,,
Comoros,COM,,,NAT_TOTAL,20220601,,,,,,,,,,,,,,,,,,,,,,,,,,,,,,,,,,,,,,,,,,,,8120,160,,,,,,,,,,
Comoros,COM,,,NAT_TOTAL,20220602,,,,,,,,,,,,,,,,,,,,,,,,,,,,,,,,,,,,,,,,,,,,8126,160,,,,,,,,,,
Comoros,COM,,,NAT_TOTAL,20220603,,,,,,,,,,,,,,,,,,,,,,,,,,,,,,,,,,,,,,,,,,,,8126,160,,,,,,,,,,
Comoros,COM,,,NAT_TOTAL,20220604,,,,,,,,,,,,,,,,,,,,,,,,,,,,,,,,,,,,,,,,,,,,8126,160,,,,,,,,,,
Comoros,COM,,,NAT_TOTAL,20220605,,,,,,,,,,,,,,,,,,,,,,,,,,,,,,,,,,,,,,,,,,,,8126,160,,,,,,,,,,
Comoros,COM,,,NAT_TOTAL,20220606,,,,,,,,,,,,,,,,,,,,,,,,,,,,,,,,,,,,,,,,,,,,8126,160,,,,,,,,,,
Comoros,COM,,,NAT_TOTAL,20220607,,,,,,,,,,,,,,,,,,,,,,,,,,,,,,,,,,,,,,,,,,,,8126,160,,,,,,,,,,
Comoros,COM,,,NAT_TOTAL,20220608,,,,,,,,,,,,,,,,,,,,,,,,,,,,,,,,,,,,,,,,,,,,8126,160,,,,,,,,,,
Comoros,COM,,,NAT_TOTAL,20220609,,,,,,,,,,,,,,,,,,,,,,,,,,,,,,,,,,,,,,,,,,,,8126,160,,,,,,,,,,
Comoros,COM,,,NAT_TOTAL,20220610,,,,,,,,,,,,,,,,,,,,,,,,,,,,,,,,,,,,,,,,,,,,8131,160,,,,,,,,,,
Comoros,COM,,,NAT_TOTAL,20220611,,,,,,,,,,,,,,,,,,,,,,,,,,,,,,,,,,,,,,,,,,,,8131,160,,,,,,,,,,
Comoros,COM,,,NAT_TOTAL,20220612,,,,,,,,,,,,,,,,,,,,,,,,,,,,,,,,,,,,,,,,,,,,8131,160,,,,,,,,,,
Comoros,COM,,,NAT_TOTAL,20220613,,,,,,,,,,,,,,,,,,,,,,,,,,,,,,,,,,,,,,,,,,,,8131,160,,,,,,,,,,
Comoros,COM,,,NAT_TOTAL,20220614,,,,,,,,,,,,,,,,,,,,,,,,,,,,,,,,,,,,,,,,,,,,8131,160,,,,,,,,,,
Comoros,COM,,,NAT_TOTAL,20220615,,,,,,,,,,,,,,,,,,,,,,,,,,,,,,,,,,,,,,,,,,,,8131,160,,,,,,,,,,
Comoros,COM,,,NAT_TOTAL,20220616,,,,,,,,,,,,,,,,,,,,,,,,,,,,,,,,,,,,,,,,,,,,8131,160,,,,,,,,,,
Comoros,COM,,,NAT_TOTAL,20220617,,,,,,,,,,,,,,,,,,,,,,,,,,,,,,,,,,,,,,,,,,,,8131,160,,,,,,,,,,
Comoros,COM,,,NAT_TOTAL,20220618,,,,,,,,,,,,,,,,,,,,,,,,,,,,,,,,,,,,,,,,,,,,8131,160,,,,,,,,,,
Comoros,COM,,,NAT_TOTAL,20220619,,,,,,,,,,,,,,,,,,,,,,,,,,,,,,,,,,,,,,,,,,,,8131,160,,,,,,,,,,
Comoros,COM,,,NAT_TOTAL,20220620,,,,,,,,,,,,,,,,,,,,,,,,,,,,,,,,,,,,,,,,,,,,8131,160,,,,,,,,,,
Comoros,COM,,,NAT_TOTAL,20220621,,,,,,,,,,,,,,,,,,,,,,,,,,,,,,,,,,,,,,,,,,,,8131,160,,,,,,,,,,
Comoros,COM,,,NAT_TOTAL,20220622,,,,,,,,,,,,,,,,,,,,,,,,,,,,,,,,,,,,,,,,,,,,8131,160,,,,,,,,,,
Comoros,COM,,,NAT_TOTAL,20220623,,,,,,,,,,,,,,,,,,,,,,,,,,,,,,,,,,,,,,,,,,,,8136,160,,,,,,,,,,
Comoros,COM,,,NAT_TOTAL,20220624,,,,,,,,,,,,,,,,,,,,,,,,,,,,,,,,,,,,,,,,,,,,8136,160,,,,,,,,,,
Comoros,COM,,,NAT_TOTAL,20220625,,,,,,,,,,,,,,,,,,,,,,,,,,,,,,,,,,,,,,,,,,,,8136,160,,,,,,,,,,
Comoros,COM,,,NAT_TOTAL,20220626,,,,,,,,,,,,,,,,,,,,,,,,,,,,,,,,,,,,,,,,,,,,8136,160,,,,,,,,,,
Comoros,COM,,,NAT_TOTAL,20220627,,,,,,,,,,,,,,,,,,,,,,,,,,,,,,,,,,,,,,,,,,,,8136,160,,,,,,,,,,
Comoros,COM,,,NAT_TOTAL,20220628,,,,,,,,,,,,,,,,,,,,,,,,,,,,,,,,,,,,,,,,,,,,8139,160,,,,,,,,,,
Comoros,COM,,,NAT_TOTAL,20220629,,,,,,,,,,,,,,,,,,,,,,,,,,,,,,,,,,,,,,,,,,,,8139,160,,,,,,,,,,
Comoros,COM,,,NAT_TOTAL,20220630,,,,,,,,,,,,,,,,,,,,,,,,,,,,,,,,,,,,,,,,,,,,8139,160,,,,,,,,,,
Comoros,COM,,,NAT_TOTAL,20220701,,,,,,,,,,,,,,,,,,,,,,,,,,,,,,,,,,,,,,,,,,,,8139,160,,,,,,,,,,
Comoros,COM,,,NAT_TOTAL,20220702,,,,,,,,,,,,,,,,,,,,,,,,,,,,,,,,,,,,,,,,,,,,8139,160,,,,,,,,,,
Comoros,COM,,,NAT_TOTAL,20220703,,,,,,,,,,,,,,,,,,,,,,,,,,,,,,,,,,,,,,,,,,,,8139,160,,,,,,,,,,
Comoros,COM,,,NAT_TOTAL,20220704,,,,,,,,,,,,,,,,,,,,,,,,,,,,,,,,,,,,,,,,,,,,8161,160,,,,,,,,,,
Comoros,COM,,,NAT_TOTAL,20220705,,,,,,,,,,,,,,,,,,,,,,,,,,,,,,,,,,,,,,,,,,,,8161,160,,,,,,,,,,
Comoros,COM,,,NAT_TOTAL,20220706,,,,,,,,,,,,,,,,,,,,,,,,,,,,,,,,,,,,,,,,,,,,8161,160,,,,,,,,,,
Comoros,COM,,,NAT_TOTAL,20220707,,,,,,,,,,,,,,,,,,,,,,,,,,,,,,,,,,,,,,,,,,,,8161,160,,,,,,,,,,
Comoros,COM,,,NAT_TOTAL,20220708,,,,,,,,,,,,,,,,,,,,,,,,,,,,,,,,,,,,,,,,,,,,8161,160,,,,,,,,,,
Comoros,COM,,,NAT_TOTAL,20220709,,,,,,,,,,,,,,,,,,,,,,,,,,,,,,,,,,,,,,,,,,,,8161,160,,,,,,,,,,
Comoros,COM,,,NAT_TOTAL,20220710,,,,,,,,,,,,,,,,,,,,,,,,,,,,,,,,,,,,,,,,,,,,8161,160,,,,,,,,,,
Comoros,COM,,,NAT_TOTAL,20220711,,,,,,,,,,,,,,,,,,,,,,,,,,,,,,,,,,,,,,,,,,,,8161,160,,,,,,,,,,
Comoros,COM,,,NAT_TOTAL,20220712,,,,,,,,,,,,,,,,,,,,,,,,,,,,,,,,,,,,,,,,,,,,8209,160,,,,,,,,,,
Comoros,COM,,,NAT_TOTAL,20220713,,,,,,,,,,,,,,,,,,,,,,,,,,,,,,,,,,,,,,,,,,,,8209,160,,,,,,,,,,
Comoros,COM,,,NAT_TOTAL,20220714,,,,,,,,,,,,,,,,,,,,,,,,,,,,,,,,,,,,,,,,,,,,8209,160,,,,,,,,,,
Comoros,COM,,,NAT_TOTAL,20220715,,,,,,,,,,,,,,,,,,,,,,,,,,,,,,,,,,,,,,,,,,,,8209,160,,,,,,,,,,
Comoros,COM,,,NAT_TOTAL,20220716,,,,,,,,,,,,,,,,,,,,,,,,,,,,,,,,,,,,,,,,,,,,8209,160,,,,,,,,,,
Comoros,COM,,,NAT_TOTAL,20220717,,,,,,,,,,,,,,,,,,,,,,,,,,,,,,,,,,,,,,,,,,,,8209,160,,,,,,,,,,
Comoros,COM,,,NAT_TOTAL,20220718,,,,,,,,,,,,,,,,,,,,,,,,,,,,,,,,,,,,,,,,,,,,8209,160,,,,,,,,,,
Comoros,COM,,,NAT_TOTAL,20220719,,,,,,,,,,,,,,,,,,,,,,,,,,,,,,,,,,,,,,,,,,,,8270,160,,,,,,,,,,
Comoros,COM,,,NAT_TOTAL,20220720,,,,,,,,,,,,,,,,,,,,,,,,,,,,,,,,,,,,,,,,,,,,,,,,,,,,,,,
Comoros,COM,,,NAT_TOTAL,20220721,,,,,,,,,,,,,,,,,,,,,,,,,,,,,,,,,,,,,,,,,,,,,,,,,,,,,,,
